property_id,source_url,discovered_on_page,price_matches_discovery,title,address,description,price,price_listed,area,area_unit,area_marla,area_source,bedrooms,bathrooms,locality,latitude,longitude,latitude_clean,longitude_clean,coord_in_lahore,coord_source,loc_society,loc_phase,loc_phase_num,loc_sector,loc_block,loc_sub,loc_path,views,image_count,is_featured,has_video,created_at,clean_flags,exclusion_reason,excluded,fp_group_id,n_listings,fp_price_median,fp_price_spread,collapsed
9000000,https://example.invalid/synthetic/9000000,1,True,"22 Marla House for Sale in Gulberg, Lahore","Gulberg, Lahore, Punjab, Pakistan",,121600000.0,121600000.0,22.0,marla,22.0,payload,6,6,Gulberg,31.364018,74.555572,31.364018,74.555572,True,source,Gulberg,,,,,,Gulberg,4,27,False,False,2023-11-24 23:43:37+00:00,synthetic,,False,0,1,121600000.0,0.0,False
9000001,https://example.invalid/synthetic/9000001,1,True,"4.7 Marla House for Sale in Vital Homes Housing Scheme, Lahore","Vital Homes Housing Scheme, Lahore, Punjab, Pakistan",,15200000.0,15200000.0,4.7,marla,4.7,payload,4,5,Vital Homes Housing Scheme,31.164834,74.47838,31.164834,74.47838,True,source,Vital Homes Housing Scheme,,,,,,Vital Homes Housing Scheme,38,29,False,False,2023-11-24 07:01:23+00:00,synthetic,,False,1,1,15200000.0,0.0,False
9000002,https://example.invalid/synthetic/9000002,1,True,"2.9 Marla House for Sale in Al-Ahmad Garden, Lahore","Al-Ahmad Garden, Lahore, Punjab, Pakistan",,10600000.0,10600000.0,2.9,marla,2.9,payload,2,2,Al-Ahmad Garden,31.470242,74.402394,31.470242,74.402394,True,source,Al-Ahmad Garden,,,,,,Al-Ahmad Garden,45,18,False,False,2023-10-22 04:40:54+00:00,synthetic,,False,2,1,10600000.0,0.0,False
9000003,https://example.invalid/synthetic/9000003,1,True,"18.6 Marla House for Sale in Phase 1, State Life Housing Society, Lahore","Phase 1, State Life Housing Society, Lahore, Punjab, Pakistan",,64400000.0,64400000.0,18.6,marla,18.6,payload,4,6,State Life Housing Society,31.445274,74.079074,31.445274,74.079074,True,source,State Life Housing Society,Phase 1,1,,,,State Life Housing Society > Phase 1,54,25,False,False,2023-12-07 00:02:04+00:00,synthetic,,False,3,1,64400000.0,0.0,False
9000004,https://example.invalid/synthetic/9000004,1,True,"8.3 Marla House for Sale in Faisal Town, Lahore","Faisal Town, Lahore, Punjab, Pakistan",,33400000.0,33400000.0,8.3,marla,8.3,payload,4,4,Faisal Town,31.572239,74.739701,31.572239,74.739701,True,source,Faisal Town,,,,,,Faisal Town,13,12,False,False,2024-07-07 19:24:24+00:00,synthetic,,False,4,1,33400000.0,0.0,False
9000005,https://example.invalid/synthetic/9000005,1,True,"4.4 Marla House for Sale in Ghous Garden, Lahore","Ghous Garden, Lahore, Punjab, Pakistan",,11400000.0,11400000.0,4.4,marla,4.4,payload,3,4,Ghous Garden,31.69067,74.535545,31.69067,74.535545,True,source,Ghous Garden,,,,,,Ghous Garden,0,2,False,False,2023-12-22 06:11:55+00:00,synthetic,,False,5,1,11400000.0,0.0,False
9000006,https://example.invalid/synthetic/9000006,1,True,"19.5 Marla House for Sale in Block A, Phase XII (EME), DHA, Lahore","Block A, Phase XII (EME), DHA, Lahore, Punjab, Pakistan",,88000000.0,88000000.0,19.5,marla,19.5,payload,6,6,DHA,31.333085,73.965206,31.333085,73.965206,True,source,DHA,Phase XII (EME),12,,Block A,,DHA > Phase XII (EME) > Block A,1,15,False,False,2024-03-19 18:08:34+00:00,synthetic,,False,6,1,88000000.0,0.0,False
9000007,https://example.invalid/synthetic/9000007,1,True,"19.1 Marla House for Sale in Tariq Gardens, Lahore","Tariq Gardens, Lahore, Punjab, Pakistan",,80400000.0,80400000.0,19.1,marla,19.1,payload,6,6,Tariq Gardens,31.312032,74.342171,31.312032,74.342171,True,source,Tariq Gardens,,,,,,Tariq Gardens,31,25,False,False,2024-05-05 06:26:32+00:00,synthetic,,False,7,1,80400000.0,0.0,False
9000008,https://example.invalid/synthetic/9000008,1,True,"2.3 Marla House for Sale in Nishtar Colony, Lahore","Nishtar Colony, Lahore, Punjab, Pakistan",,5800000.0,5800000.0,2.3,marla,2.3,payload,3,3,Nishtar Colony,31.435904,73.983306,31.435904,73.983306,True,source,Nishtar Colony,,,,,,Nishtar Colony,45,14,False,False,2024-02-02 12:42:03+00:00,synthetic,,False,8,1,5800000.0,0.0,False
9000009,https://example.invalid/synthetic/9000009,1,True,"9.1 Marla House for Sale in Block G, Central Park Housing Scheme, Lahore","Block G, Central Park Housing Scheme, Lahore, Punjab, Pakistan",,22600000.0,22600000.0,9.1,marla,9.1,payload,5,6,Central Park Housing Scheme,31.299722,74.575452,31.299722,74.575452,True,source,Central Park Housing Scheme,,,,Block G,,Central Park Housing Scheme > Block G,32,3,False,False,2024-08-23 13:19:35+00:00,synthetic,,False,9,1,22600000.0,0.0,False
9000010,https://example.invalid/synthetic/9000010,1,True,"3.7 Marla House for Sale in Bismillah Housing Scheme, Lahore","Bismillah Housing Scheme, Lahore, Punjab, Pakistan",,11100000.0,11100000.0,3.7,marla,3.7,payload,3,4,Bismillah Housing Scheme,31.770822,74.290896,31.770822,74.290896,True,source,Bismillah Housing Scheme,,,,,,Bismillah Housing Scheme,13,25,False,False,2023-09-05 21:07:33+00:00,synthetic,,False,10,1,11100000.0,0.0,False
9000011,https://example.invalid/synthetic/9000011,1,True,"2.8 Marla House for Sale in Ferozepur Road, Lahore","Ferozepur Road, Lahore, Punjab, Pakistan",,9400000.0,9400000.0,2.8,marla,2.8,payload,3,3,Ferozepur Road,31.442644,74.741833,31.442644,74.741833,True,source,Ferozepur Road,,,,,,Ferozepur Road,43,27,False,False,2024-06-26 13:26:37+00:00,synthetic,,False,11,1,9400000.0,0.0,False
9000012,https://example.invalid/synthetic/9000012,1,True,"5.1 Marla House for Sale in Phase 9 - Town, DHA, Lahore","Phase 9 - Town, DHA, Lahore, Punjab, Pakistan",,20100000.0,20100000.0,5.1,marla,5.1,payload,3,4,DHA,31.171775,74.082385,31.171775,74.082385,True,source,DHA,Phase 9 - Town,9,,,,DHA > Phase 9 - Town,12,9,False,False,2024-05-30 23:34:21+00:00,synthetic,,False,12,1,20100000.0,0.0,False
9000013,https://example.invalid/synthetic/9000013,1,True,"39 Marla House for Sale in Block J, Phase 6, DHA, Lahore","Block J, Phase 6, DHA, Lahore, Punjab, Pakistan",,159400000.0,159400000.0,39.0,marla,39.0,payload,6,6,DHA,31.351784,73.994954,31.351784,73.994954,True,source,DHA,Phase 6,6,,Block J,,DHA > Phase 6 > Block J,35,23,False,False,2024-07-30 18:39:31+00:00,synthetic,,False,13,1,159400000.0,0.0,False
9000014,https://example.invalid/synthetic/9000014,1,True,"9.3 Marla House for Sale in Central Block, Phase 1, Bahria Orchard, Lahore","Central Block, Phase 1, Bahria Orchard, Lahore, Punjab, Pakistan",,27500000.0,27500000.0,9.3,marla,9.3,payload,5,7,Bahria Orchard,31.750431,73.95968,31.750431,73.95968,True,source,Bahria Orchard,Phase 1,1,,Central Block,,Bahria Orchard > Phase 1 > Central Block,47,19,False,False,2023-10-19 02:46:36+00:00,synthetic,,False,14,1,27500000.0,0.0,False
9000015,https://example.invalid/synthetic/9000015,1,True,"21.4 Marla House for Sale in Phase 4, DHA, Lahore","Phase 4, DHA, Lahore, Punjab, Pakistan",,83800000.0,83800000.0,21.4,marla,21.4,payload,5,6,DHA,31.348961,74.310032,31.348961,74.310032,True,source,DHA,Phase 4,4,,,,DHA > Phase 4,14,20,False,False,2024-04-08 17:54:24+00:00,synthetic,,False,15,1,83800000.0,0.0,False
9000016,https://example.invalid/synthetic/9000016,1,True,"6.3 Marla House for Sale in Phase 2, Al Hafeez Garden, Lahore","Phase 2, Al Hafeez Garden, Lahore, Punjab, Pakistan",,28600000.0,28600000.0,6.3,marla,6.3,payload,5,6,Al Hafeez Garden,31.442662,74.345177,31.442662,74.345177,True,source,Al Hafeez Garden,Phase 2,2,,,,Al Hafeez Garden > Phase 2,38,3,False,False,2024-05-07 03:41:01+00:00,synthetic,,False,16,1,28600000.0,0.0,False
9000017,https://example.invalid/synthetic/9000017,1,True,"3.1 Marla House for Sale in Al-Ahmad Garden, Lahore","Al-Ahmad Garden, Lahore, Punjab, Pakistan",,13500000.0,13500000.0,3.1,marla,3.1,payload,2,2,Al-Ahmad Garden,31.209366,74.220238,31.209366,74.220238,True,source,Al-Ahmad Garden,,,,,,Al-Ahmad Garden,13,28,False,False,2023-11-29 10:07:53+00:00,synthetic,,False,17,1,13500000.0,0.0,False
9000018,https://example.invalid/synthetic/9000018,1,True,"18.1 Marla House for Sale in Gulshan-e-Ravi, Lahore","Gulshan-e-Ravi, Lahore, Punjab, Pakistan",,52700000.0,52700000.0,18.1,marla,18.1,payload,5,6,Gulshan-e-Ravi,31.623513,74.130126,31.623513,74.130126,True,source,Gulshan-e-Ravi,,,,,,Gulshan-e-Ravi,13,23,False,False,2023-11-23 17:04:25+00:00,synthetic,,False,18,1,52700000.0,0.0,False
9000019,https://example.invalid/synthetic/9000019,1,True,"20.1 Marla House for Sale in Block X, Phase 3, DHA, Lahore","Block X, Phase 3, DHA, Lahore, Punjab, Pakistan",,62400000.0,62400000.0,20.1,marla,20.1,payload,3,3,DHA,31.532215,74.512878,31.532215,74.512878,True,source,DHA,Phase 3,3,,Block X,,DHA > Phase 3 > Block X,17,15,False,False,2024-03-30 22:45:07+00:00,synthetic,,False,19,1,62400000.0,0.0,False
9000020,https://example.invalid/synthetic/9000020,1,True,"9.8 Marla House for Sale in Block E1, Phase 1, Johar Town, Lahore","Block E1, Phase 1, Johar Town, Lahore, Punjab, Pakistan",,63300000.0,63300000.0,9.8,marla,9.8,payload,5,7,Johar Town,31.372435,74.043086,31.372435,74.043086,True,source,Johar Town,Phase 1,1,,Block E1,,Johar Town > Phase 1 > Block E1,38,16,False,False,2024-03-23 01:20:02+00:00,synthetic,,False,20,1,63300000.0,0.0,False
9000021,https://example.invalid/synthetic/9000021,1,True,"10.6 Marla House for Sale in State Life Housing Society, Lahore","State Life Housing Society, Lahore, Punjab, Pakistan",,44900000.0,44900000.0,10.6,marla,10.6,payload,4,5,State Life Housing Society,31.761803,74.296579,31.761803,74.296579,True,source,State Life Housing Society,,,,,,State Life Housing Society,26,28,False,False,2024-07-14 04:05:47+00:00,synthetic,,False,21,1,44900000.0,0.0,False
9000022,https://example.invalid/synthetic/9000022,1,True,"10.9 Marla House for Sale in Phase 8, DHA, Lahore","Phase 8, DHA, Lahore, Punjab, Pakistan",,51300000.0,51300000.0,10.9,marla,10.9,payload,5,6,DHA,31.423514,74.617322,31.423514,74.617322,True,source,DHA,Phase 8,8,,,,DHA > Phase 8,35,13,False,False,2024-06-29 06:34:38+00:00,synthetic,,False,22,1,51300000.0,0.0,False
9000023,https://example.invalid/synthetic/9000023,1,True,"3 Marla House for Sale in Phase 2, Al Rehman Garden, Lahore","Phase 2, Al Rehman Garden, Lahore, Punjab, Pakistan",,10100000.0,10100000.0,3.0,marla,3.0,payload,3,3,Al Rehman Garden,31.568184,74.550627,31.568184,74.550627,True,source,Al Rehman Garden,Phase 2,2,,,,Al Rehman Garden > Phase 2,28,3,False,False,2024-03-09 04:10:47+00:00,synthetic,,False,23,1,10100000.0,0.0,False
9000024,https://example.invalid/synthetic/9000024,1,True,"9.2 Marla House for Sale in Block E, Bankers Avenue Cooperative Housing Society, Lahore","Block E, Bankers Avenue Cooperative Housing Society, Lahore, Punjab, Pakistan",,28700000.0,28700000.0,9.2,marla,9.2,payload,4,5,Bankers Avenue Cooperative Housing Society,31.397384,74.396616,31.397384,74.396616,True,source,Bankers Avenue Cooperative Housing Society,,,,Block E,,Bankers Avenue Cooperative Housing Society > Block E,19,25,False,False,2024-04-06 03:04:37+00:00,synthetic,,False,24,1,28700000.0,0.0,False
9000025,https://example.invalid/synthetic/9000025,1,True,"8.5 Marla House for Sale in Shah Jamal, Lahore","Shah Jamal, Lahore, Punjab, Pakistan",,40600000.0,40600000.0,8.5,marla,8.5,payload,8,6,Shah Jamal,31.751739,74.196545,31.751739,74.196545,True,source,Shah Jamal,,,,,,Shah Jamal,30,8,False,False,2023-10-04 01:56:30+00:00,synthetic,,False,25,1,40600000.0,0.0,False
9000026,https://example.invalid/synthetic/9000026,1,True,"9.6 Marla House for Sale in Harbanspura, Lahore","Harbanspura, Lahore, Punjab, Pakistan",,36400000.0,36400000.0,9.6,marla,9.6,payload,5,5,Harbanspura,31.67019,74.195662,31.67019,74.195662,True,source,Harbanspura,,,,,,Harbanspura,22,19,False,False,2024-07-11 05:00:44+00:00,synthetic,,False,26,1,36400000.0,0.0,False
9000027,https://example.invalid/synthetic/9000027,1,True,"5.3 Marla House for Sale in State Life Housing Society, Lahore","State Life Housing Society, Lahore, Punjab, Pakistan",,11700000.0,11700000.0,5.3,marla,5.3,payload,3,4,State Life Housing Society,31.573278,73.980951,31.573278,73.980951,True,source,State Life Housing Society,,,,,,State Life Housing Society,13,8,False,False,2023-11-14 05:25:56+00:00,synthetic,,False,27,1,11700000.0,0.0,False
9000028,https://example.invalid/synthetic/9000028,1,True,"5.1 Marla House for Sale in Block C, Green City, Lahore","Block C, Green City, Lahore, Punjab, Pakistan",,19800000.0,19800000.0,5.1,marla,5.1,payload,4,4,Green City,31.749612,74.019364,31.749612,74.019364,True,source,Green City,,,,Block C,,Green City > Block C,9,23,False,False,2024-08-27 07:24:18+00:00,synthetic,,False,28,1,19800000.0,0.0,False
9000029,https://example.invalid/synthetic/9000029,1,True,"6 Marla House for Sale in Imperial Garden Homes, Lahore","Imperial Garden Homes, Lahore, Punjab, Pakistan",,21300000.0,21300000.0,6.0,marla,6.0,payload,3,4,Imperial Garden Homes,31.582288,74.348249,31.582288,74.348249,True,source,Imperial Garden Homes,,,,,,Imperial Garden Homes,0,22,False,False,2024-01-22 00:25:49+00:00,synthetic,,False,29,1,21300000.0,0.0,False
9000030,https://example.invalid/synthetic/9000030,1,True,"3.2 Marla House for Sale in Nespak Housing Scheme, Lahore","Nespak Housing Scheme, Lahore, Punjab, Pakistan",,12600000.0,12600000.0,3.2,marla,3.2,payload,3,3,Nespak Housing Scheme,31.649671,73.963917,31.649671,73.963917,True,source,Nespak Housing Scheme,,,,,,Nespak Housing Scheme,11,19,False,False,2023-09-23 16:21:05+00:00,synthetic,,False,30,1,12600000.0,0.0,False
9000031,https://example.invalid/synthetic/9000031,1,True,"21.1 Marla House for Sale in Punjab Co-Operative Housing Society, Lahore","Punjab Co-Operative Housing Society, Lahore, Punjab, Pakistan",,60200000.0,60200000.0,21.1,marla,21.1,payload,5,6,Punjab Co-Operative Housing Society,31.400638,74.519414,31.400638,74.519414,True,source,Punjab Co-Operative Housing Society,,,,,,Punjab Co-Operative Housing Society,46,7,False,False,2023-09-15 04:13:45+00:00,synthetic,,False,31,1,60200000.0,0.0,False
9000032,https://example.invalid/synthetic/9000032,1,True,"5 Marla House for Sale in Gosha-e-Ahbab, Lahore","Gosha-e-Ahbab, Lahore, Punjab, Pakistan",,15100000.0,15100000.0,5.0,marla,5.0,payload,5,5,Gosha-e-Ahbab,31.765747,74.535267,31.765747,74.535267,True,source,Gosha-e-Ahbab,,,,,,Gosha-e-Ahbab,45,3,False,False,2024-05-03 11:33:07+00:00,synthetic,,False,32,1,15100000.0,0.0,False
9000033,https://example.invalid/synthetic/9000033,1,True,"5 Marla House for Sale in Rehman Villas, Lahore","Rehman Villas, Lahore, Punjab, Pakistan",,9500000.0,9500000.0,5.0,marla,5.0,payload,3,4,Rehman Villas,31.626052,74.13568,31.626052,74.13568,True,source,Rehman Villas,,,,,,Rehman Villas,22,25,False,False,2023-10-03 18:06:51+00:00,synthetic,,False,33,1,9500000.0,0.0,False
9000034,https://example.invalid/synthetic/9000034,1,True,"145.6 Marla House for Sale in Abu Bakar Block, Garden Town, Lahore","Abu Bakar Block, Garden Town, Lahore, Punjab, Pakistan",,613600000.0,613600000.0,145.6,marla,145.6,payload,6,6,Garden Town,31.788578,74.57121,31.788578,74.57121,True,source,Garden Town,,,,Abu Bakar Block,,Garden Town > Abu Bakar Block,2,29,False,False,2024-08-09 08:58:06+00:00,synthetic,,False,34,1,613600000.0,0.0,False
9000035,https://example.invalid/synthetic/9000035,1,True,"2.9 Marla House for Sale in Harbanspura, Lahore","Harbanspura, Lahore, Punjab, Pakistan",,8000000.0,8000000.0,2.9,marla,2.9,payload,4,4,Harbanspura,31.238392,74.328658,31.238392,74.328658,True,source,Harbanspura,,,,,,Harbanspura,0,18,False,False,2024-07-20 23:45:33+00:00,synthetic,,False,35,1,8000000.0,0.0,False
9000036,https://example.invalid/synthetic/9000036,1,True,"5 Marla House for Sale in Bahria Town, Lahore","Bahria Town, Lahore, Punjab, Pakistan",,17700000.0,17700000.0,5.0,marla,5.0,payload,3,4,Bahria Town,31.425865,74.661569,31.425865,74.661569,True,source,Bahria Town,,,Sector D,,,Bahria Town,0,14,False,False,2023-10-29 03:04:28+00:00,synthetic,,False,36,1,17700000.0,0.0,False
9000037,https://example.invalid/synthetic/9000037,1,True,"2.6 Marla House for Sale in Township, Lahore","Township, Lahore, Punjab, Pakistan",,7600000.0,7600000.0,2.6,marla,2.6,payload,3,3,Township,31.760558,74.382761,31.760558,74.382761,True,source,Township,,,Sector A2,,,Township,49,11,False,False,2023-09-24 20:09:50+00:00,synthetic,,False,37,1,7600000.0,0.0,False
9000038,https://example.invalid/synthetic/9000038,1,True,"2.5 Marla House for Sale in Rizwan Garden, Lahore","Rizwan Garden, Lahore, Punjab, Pakistan",,6200000.0,6200000.0,2.5,marla,2.5,payload,3,4,Rizwan Garden,31.293513,74.687634,31.293513,74.687634,True,source,Rizwan Garden,,,,,,Rizwan Garden,43,17,False,False,2024-08-18 08:01:11+00:00,synthetic,,False,38,1,6200000.0,0.0,False
9000039,https://example.invalid/synthetic/9000039,1,True,"2.8 Marla House for Sale in Quaid-e-Azam Interchange, Lahore","Quaid-e-Azam Interchange, Lahore, Punjab, Pakistan",,4100000.0,4100000.0,2.8,marla,2.8,payload,2,2,Quaid-e-Azam Interchange,31.334939,74.490692,31.334939,74.490692,True,source,Quaid-e-Azam Interchange,,,,,,Quaid-e-Azam Interchange,37,14,False,False,2024-05-28 11:08:52+00:00,synthetic,,False,39,1,4100000.0,0.0,False
9000040,https://example.invalid/synthetic/9000040,1,True,"2.9 Marla House for Sale in Ferozepur Road, Lahore","Ferozepur Road, Lahore, Punjab, Pakistan",,8000000.0,8000000.0,2.9,marla,2.9,payload,3,4,Ferozepur Road,31.540938,74.719363,31.540938,74.719363,True,source,Ferozepur Road,,,,,,Ferozepur Road,47,17,False,False,2024-07-01 01:45:32+00:00,synthetic,,False,40,1,8000000.0,0.0,False
9000041,https://example.invalid/synthetic/9000041,1,True,"5.1 Marla House for Sale in Bahria Orchard, Lahore","Bahria Orchard, Lahore, Punjab, Pakistan",,14100000.0,14100000.0,5.1,marla,5.1,payload,3,4,Bahria Orchard,31.709185,74.522188,31.709185,74.522188,True,source,Bahria Orchard,,,,,,Bahria Orchard,48,22,False,False,2024-01-30 07:48:28+00:00,synthetic,,False,41,1,14100000.0,0.0,False
9000042,https://example.invalid/synthetic/9000042,1,True,"5.3 Marla House for Sale in Bedian Road, Lahore","Bedian Road, Lahore, Punjab, Pakistan",,17300000.0,17300000.0,5.3,marla,5.3,payload,3,4,Bedian Road,31.289949,74.080853,31.289949,74.080853,True,source,Bedian Road,,,,,,Bedian Road,39,11,False,False,2023-10-24 09:21:34+00:00,synthetic,,False,42,1,17300000.0,0.0,False
9000043,https://example.invalid/synthetic/9000043,1,True,"6.1 Marla House for Sale in Ali Park, Lahore","Ali Park, Lahore, Punjab, Pakistan",,21500000.0,21500000.0,6.1,marla,6.1,payload,6,6,Ali Park,31.249613,74.564775,31.249613,74.564775,True,source,Ali Park,,,,,,Ali Park,31,10,False,False,2024-05-06 11:50:49+00:00,synthetic,,False,43,1,21500000.0,0.0,False
9000044,https://example.invalid/synthetic/9000044,1,True,"10.9 Marla House for Sale in Johar Town, Lahore","Johar Town, Lahore, Punjab, Pakistan",,58900000.0,58900000.0,10.9,marla,10.9,payload,6,6,Johar Town,31.224736,74.534728,31.224736,74.534728,True,source,Johar Town,,,,,,Johar Town,9,17,False,False,2023-12-11 11:29:35+00:00,synthetic,,False,44,1,58900000.0,0.0,False
9000045,https://example.invalid/synthetic/9000045,1,True,"9.6 Marla House for Sale in Lahore Cantt, Lahore","Lahore Cantt, Lahore, Punjab, Pakistan",,36300000.0,36300000.0,9.6,marla,9.6,payload,4,5,Lahore Cantt,31.742215,74.556099,31.742215,74.556099,True,source,Lahore Cantt,,,,,,Lahore Cantt,1,19,False,False,2023-11-10 22:45:07+00:00,synthetic,,False,45,1,36300000.0,0.0,False
9000046,https://example.invalid/synthetic/9000046,1,True,"18.6 Marla House for Sale in Block D, Phase 6, DHA, Lahore","Block D, Phase 6, DHA, Lahore, Punjab, Pakistan",,131300000.0,131300000.0,18.6,marla,18.6,payload,5,5,DHA,31.216647,74.253503,31.216647,74.253503,True,source,DHA,Phase 6,6,,Block D,,DHA > Phase 6 > Block D,12,20,False,False,2023-10-24 15:35:05+00:00,synthetic,,False,46,1,131300000.0,0.0,False
9000047,https://example.invalid/synthetic/9000047,1,True,"18.2 Marla House for Sale in PIA Housing Scheme, Lahore","PIA Housing Scheme, Lahore, Punjab, Pakistan",,92800000.0,92800000.0,18.2,marla,18.2,payload,7,6,PIA Housing Scheme,31.328032,74.350316,31.328032,74.350316,True,source,PIA Housing Scheme,,,,,,PIA Housing Scheme,41,29,False,False,2023-12-27 18:17:35+00:00,synthetic,,False,47,1,92800000.0,0.0,False
9000048,https://example.invalid/synthetic/9000048,1,True,"21.9 Marla House for Sale in Phase 2, DHA, Lahore","Phase 2, DHA, Lahore, Punjab, Pakistan",,92700000.0,92700000.0,21.9,marla,21.9,payload,5,6,DHA,31.231134,74.229648,31.231134,74.229648,True,source,DHA,Phase 2,2,,,,DHA > Phase 2,40,14,False,False,2024-03-15 16:52:04+00:00,synthetic,,False,48,1,92700000.0,0.0,False
9000049,https://example.invalid/synthetic/9000049,1,True,"86.6 Marla House for Sale in Model Town, Lahore","Model Town, Lahore, Punjab, Pakistan",,355400000.0,355400000.0,86.6,marla,86.6,payload,4,5,Model Town,31.283893,74.270729,31.283893,74.270729,True,source,Model Town,,,,,,Model Town,14,15,False,False,2024-01-28 13:10:42+00:00,synthetic,,False,49,1,355400000.0,0.0,False
9000050,https://example.invalid/synthetic/9000050,2,True,"3.6 Marla House for Sale in Lahore Cantt, Lahore","Lahore Cantt, Lahore, Punjab, Pakistan",,20100000.0,20100000.0,3.6,marla,3.6,payload,4,5,Lahore Cantt,31.583781,74.021914,31.583781,74.021914,True,source,Lahore Cantt,,,,,,Lahore Cantt,33,22,False,False,2024-02-27 11:37:30+00:00,synthetic,,False,50,1,20100000.0,0.0,False
9000051,https://example.invalid/synthetic/9000051,2,True,"4.7 Marla House for Sale in Rizwan Garden, Lahore","Rizwan Garden, Lahore, Punjab, Pakistan",,8200000.0,8200000.0,4.7,marla,4.7,payload,3,4,Rizwan Garden,31.79287,74.431437,31.79287,74.431437,True,source,Rizwan Garden,,,,,,Rizwan Garden,13,10,False,False,2024-07-22 07:55:31+00:00,synthetic,,False,51,1,8200000.0,0.0,False
9000052,https://example.invalid/synthetic/9000052,2,True,"9.4 Marla House for Sale in Bankers Avenue Cooperative Housing Society, Lahore","Bankers Avenue Cooperative Housing Society, Lahore, Punjab, Pakistan",,27900000.0,27900000.0,9.4,marla,9.4,payload,4,5,Bankers Avenue Cooperative Housing Society,31.637465,74.04512,31.637465,74.04512,True,source,Bankers Avenue Cooperative Housing Society,,,,,,Bankers Avenue Cooperative Housing Society,35,25,False,False,2024-07-27 11:06:30+00:00,synthetic,,False,52,1,27900000.0,0.0,False
9000053,https://example.invalid/synthetic/9000053,2,True,"4.6 Marla House for Sale in Block F, Phase 2, Al Rehman Garden, Lahore","Block F, Phase 2, Al Rehman Garden, Lahore, Punjab, Pakistan",,19100000.0,19100000.0,4.6,marla,4.6,payload,6,5,Al Rehman Garden,31.513577,74.465707,31.513577,74.465707,True,source,Al Rehman Garden,Phase 2,2,,Block F,,Al Rehman Garden > Phase 2 > Block F,48,0,False,False,2024-05-31 03:50:35+00:00,synthetic,,False,53,1,19100000.0,0.0,False
9000054,https://example.invalid/synthetic/9000054,2,True,"5.1 Marla House for Sale in Al Hafeez Garden, Lahore","Al Hafeez Garden, Lahore, Punjab, Pakistan",,23000000.0,23000000.0,5.1,marla,5.1,payload,4,4,Al Hafeez Garden,31.732899,73.993763,31.732899,73.993763,True,source,Al Hafeez Garden,,,,,,Al Hafeez Garden,3,1,False,False,2024-06-20 00:35:43+00:00,synthetic,,False,54,1,23000000.0,0.0,False
9000055,https://example.invalid/synthetic/9000055,2,True,"4.7 Marla House for Sale in Block A1, Phase 1, PGECHS, Lahore","Block A1, Phase 1, PGECHS, Lahore, Punjab, Pakistan",,16900000.0,16900000.0,4.7,marla,4.7,payload,5,5,PGECHS,31.193628,74.33038,31.193628,74.33038,True,source,PGECHS,Phase 1,1,,Block A1,,PGECHS > Phase 1 > Block A1,12,19,False,False,2024-01-14 02:28:54+00:00,synthetic,,False,55,1,16900000.0,0.0,False
9000056,https://example.invalid/synthetic/9000056,2,True,"11.9 Marla House for Sale in Askari 10, Lahore","Askari 10, Lahore, Punjab, Pakistan",,62800000.0,62800000.0,11.9,marla,11.9,payload,4,4,Askari 10,31.396828,74.524957,31.396828,74.524957,True,source,Askari 10,,,Sector E,,,Askari 10,22,16,False,False,2024-01-15 22:45:48+00:00,synthetic,,False,56,1,62800000.0,0.0,False
9000057,https://example.invalid/synthetic/9000057,2,True,"61.1 Marla House for Sale in Block E, Model Town, Lahore","Block E, Model Town, Lahore, Punjab, Pakistan",,232100000.0,232100000.0,61.1,marla,61.1,payload,5,5,Model Town,31.330351,74.090212,31.330351,74.090212,True,source,Model Town,,,,Block E,,Model Town > Block E,56,25,False,False,2023-12-13 01:39:10+00:00,synthetic,,False,57,1,232100000.0,0.0,False
9000058,https://example.invalid/synthetic/9000058,2,True,"5.4 Marla House for Sale in Gulshan-e-Ali Colony, Defence Road, Lahore","Gulshan-e-Ali Colony, Defence Road, Lahore, Punjab, Pakistan",,23200000.0,23200000.0,5.4,marla,5.4,payload,3,4,"Gulshan-e-Ali Colony, Defence Road",31.796718,74.289683,31.796718,74.289683,True,source,"Gulshan-e-Ali Colony, Defence Road",,,,,,"Gulshan-e-Ali Colony, Defence Road",31,19,False,False,2024-02-01 23:01:48+00:00,synthetic,,False,58,1,23200000.0,0.0,False
9000059,https://example.invalid/synthetic/9000059,2,True,"3.8 Marla House for Sale in Lahore Cantt, Lahore","Lahore Cantt, Lahore, Punjab, Pakistan",,19400000.0,19400000.0,3.8,marla,3.8,payload,3,4,Lahore Cantt,31.620935,74.611667,31.620935,74.611667,True,source,Lahore Cantt,,,,,,Lahore Cantt,9,21,False,False,2024-08-05 14:21:42+00:00,synthetic,,False,59,1,19400000.0,0.0,False
9000060,https://example.invalid/synthetic/9000060,2,True,"19.8 Marla House for Sale in Tufail Road, Lahore","Tufail Road, Lahore, Punjab, Pakistan",,106400000.0,106400000.0,19.8,marla,19.8,payload,6,6,Tufail Road,31.708979,74.505472,31.708979,74.505472,True,source,Tufail Road,,,,,,Tufail Road,31,15,False,False,2024-05-08 02:55:06+00:00,synthetic,,False,60,1,106400000.0,0.0,False
9000061,https://example.invalid/synthetic/9000061,2,True,"1 Kanal House for Sale in Block L, Phase 6, DHA, Lahore","Block L, Phase 6, DHA, Lahore, Punjab, Pakistan",,85200000.0,85200000.0,20.0,marla,20.0,payload,5,6,DHA,31.30132,74.613329,31.30132,74.613329,True,source,DHA,Phase 6,6,,Block L,,DHA > Phase 6 > Block L,31,16,False,False,2024-01-30 22:16:01+00:00,synthetic,,False,61,1,85200000.0,0.0,False
9000062,https://example.invalid/synthetic/9000062,2,True,"1.6 Marla House for Sale in Tajpura, Lahore","Tajpura, Lahore, Punjab, Pakistan",,6100000.0,6100000.0,1.6,marla,1.6,payload,2,3,Tajpura,31.50388,74.712009,31.50388,74.712009,True,source,Tajpura,,,,,,Tajpura,42,5,False,False,2024-02-26 12:37:42+00:00,synthetic,,False,62,1,6100000.0,0.0,False
9000063,https://example.invalid/synthetic/9000063,2,True,"4.5 Marla House for Sale in Block A1, Central Park Housing Scheme, Lahore","Block A1, Central Park Housing Scheme, Lahore, Punjab, Pakistan",,13600000.0,13600000.0,4.5,marla,4.5,payload,3,4,Central Park Housing Scheme,31.581341,74.498059,31.581341,74.498059,True,source,Central Park Housing Scheme,,,,Block A1,,Central Park Housing Scheme > Block A1,32,19,False,False,2024-01-22 04:53:39+00:00,synthetic,,False,63,1,13600000.0,0.0,False
9000064,https://example.invalid/synthetic/9000064,2,True,"2.9 Marla House for Sale in Phase 2, Al Hafeez Garden, Lahore","Phase 2, Al Hafeez Garden, Lahore, Punjab, Pakistan",,10100000.0,10100000.0,2.9,marla,2.9,payload,3,3,Al Hafeez Garden,31.711365,74.647903,31.711365,74.647903,True,source,Al Hafeez Garden,Phase 2,2,,,,Al Hafeez Garden > Phase 2,3,7,False,False,2024-03-25 15:19:52+00:00,synthetic,,False,64,1,10100000.0,0.0,False
9000065,https://example.invalid/synthetic/9000065,2,True,"9.2 Marla House for Sale in Bismillah Housing Scheme, Lahore","Bismillah Housing Scheme, Lahore, Punjab, Pakistan",,32500000.0,32500000.0,9.2,marla,9.2,payload,5,6,Bismillah Housing Scheme,31.731112,74.348845,31.731112,74.348845,True,source,Bismillah Housing Scheme,,,,,,Bismillah Housing Scheme,50,16,False,False,2023-11-06 09:17:16+00:00,synthetic,,False,65,1,32500000.0,0.0,False
9000066,https://example.invalid/synthetic/9000066,2,True,"6.3 Marla House for Sale in Eden Canal Villas, Lahore","Eden Canal Villas, Lahore, Punjab, Pakistan",,28200000.0,28200000.0,6.3,marla,6.3,payload,3,2,Eden Canal Villas,31.189821,74.200275,31.189821,74.200275,True,source,Eden Canal Villas,,,,,,Eden Canal Villas,59,24,False,False,2023-09-23 05:37:10+00:00,synthetic,,False,66,1,28200000.0,0.0,False
9000067,https://example.invalid/synthetic/9000067,2,True,"5.4 Marla House for Sale in Block C, Phase 2, Bahria Orchard, Lahore","Block C, Phase 2, Bahria Orchard, Lahore, Punjab, Pakistan",,15600000.0,15600000.0,5.4,marla,5.4,payload,3,3,Bahria Orchard,31.436106,74.395124,31.436106,74.395124,True,source,Bahria Orchard,Phase 2,2,,Block C,,Bahria Orchard > Phase 2 > Block C,12,27,False,False,2024-02-09 01:12:10+00:00,synthetic,,False,67,1,15600000.0,0.0,False
9000068,https://example.invalid/synthetic/9000068,2,True,"4.9 Marla House for Sale in Sue-e-Asal Road, Lahore","Sue-e-Asal Road, Lahore, Punjab, Pakistan",,5500000.0,5500000.0,4.9,marla,4.9,payload,2,2,Sue-e-Asal Road,31.480982,74.611532,31.480982,74.611532,True,source,Sue-e-Asal Road,,,,,,Sue-e-Asal Road,59,14,False,False,2024-08-20 11:57:24+00:00,synthetic,,False,68,1,5500000.0,0.0,False
9000069,https://example.invalid/synthetic/9000069,2,True,"4.9 Marla House for Sale in Cavalry Ground Extension, Lahore","Cavalry Ground Extension, Lahore, Punjab, Pakistan",,23700000.0,23700000.0,4.9,marla,4.9,payload,3,4,Cavalry Ground Extension,31.279183,74.278453,31.279183,74.278453,True,source,Cavalry Ground Extension,,,,,,Cavalry Ground Extension,14,19,False,False,2024-04-08 03:35:24+00:00,synthetic,,False,69,1,23700000.0,0.0,False
9000070,https://example.invalid/synthetic/9000070,2,True,"5.2 Marla House for Sale in Park View Villas, Lahore","Park View Villas, Lahore, Punjab, Pakistan",,19000000.0,19000000.0,5.2,marla,5.2,payload,4,4,Park View Villas,31.753956,74.09593,31.753956,74.09593,True,source,Park View Villas,,,,,,Park View Villas,17,16,False,False,2023-10-05 02:20:42+00:00,synthetic,,False,70,1,19000000.0,0.0,False
9000071,https://example.invalid/synthetic/9000071,2,True,"19.5 Marla House for Sale in Block E, Phase 2, PGECHS, Lahore","Block E, Phase 2, PGECHS, Lahore, Punjab, Pakistan",,72400000.0,72400000.0,19.5,marla,19.5,payload,7,6,PGECHS,31.664516,74.631428,31.664516,74.631428,True,source,PGECHS,Phase 2,2,,Block E,,PGECHS > Phase 2 > Block E,52,10,False,False,2024-07-01 02:56:55+00:00,synthetic,,False,71,1,72400000.0,0.0,False
9000072,https://example.invalid/synthetic/9000072,2,True,"7.6 Marla House for Sale in Grove Block, Paragon City, Lahore","Grove Block, Paragon City, Lahore, Punjab, Pakistan",,17900000.0,17900000.0,7.6,marla,7.6,payload,4,5,Paragon City,31.48545,74.579576,31.48545,74.579576,True,source,Paragon City,,,,Grove Block,,Paragon City > Grove Block,19,15,False,False,2023-11-01 16:11:54+00:00,synthetic,,False,72,1,17900000.0,0.0,False
9000073,https://example.invalid/synthetic/9000073,2,True,"11 Marla House for Sale in Gulshan-e-Lahore, Lahore","Gulshan-e-Lahore, Lahore, Punjab, Pakistan",,28100000.0,28100000.0,11.0,marla,11.0,payload,5,6,Gulshan-e-Lahore,31.651435,74.368609,31.651435,74.368609,True,source,Gulshan-e-Lahore,,,,,,Gulshan-e-Lahore,40,25,False,False,2023-11-12 21:06:31+00:00,synthetic,,False,73,1,28100000.0,0.0,False
9000074,https://example.invalid/synthetic/9000074,2,True,"4.2 Marla House for Sale in Phase 2, Al Rehman Garden, Lahore","Phase 2, Al Rehman Garden, Lahore, Punjab, Pakistan",,14000000.0,14000000.0,4.2,marla,4.2,payload,3,4,Al Rehman Garden,31.718446,74.403656,31.718446,74.403656,True,source,Al Rehman Garden,Phase 2,2,,,,Al Rehman Garden > Phase 2,13,21,False,False,2024-01-30 01:47:18+00:00,synthetic,,False,74,1,14000000.0,0.0,False
9000075,https://example.invalid/synthetic/9000075,2,True,"2.8 Marla House for Sale in Lahore Medical Housing Society, Lahore","Lahore Medical Housing Society, Lahore, Punjab, Pakistan",,9600000.0,9600000.0,2.8,marla,2.8,payload,3,3,Lahore Medical Housing Society,31.692921,74.154104,31.692921,74.154104,True,source,Lahore Medical Housing Society,,,,,,Lahore Medical Housing Society,59,15,False,False,2024-02-17 21:26:45+00:00,synthetic,,False,75,1,9600000.0,0.0,False
9000076,https://example.invalid/synthetic/9000076,2,True,"4 Marla House for Sale in Al-Hamd Park, Lahore","Al-Hamd Park, Lahore, Punjab, Pakistan",,14800000.0,14800000.0,4.0,marla,4.0,payload,4,4,Al-Hamd Park,31.180114,74.427118,31.180114,74.427118,True,source,Al-Hamd Park,,,,,,Al-Hamd Park,27,28,False,False,2024-04-21 07:44:12+00:00,synthetic,,False,76,1,14800000.0,0.0,False
9000077,https://example.invalid/synthetic/9000077,2,True,"4.2 Marla House for Sale in Canal Valley, Lahore","Canal Valley, Lahore, Punjab, Pakistan",,16900000.0,16900000.0,4.2,marla,4.2,payload,4,4,Canal Valley,31.331596,74.509417,31.331596,74.509417,True,source,Canal Valley,,,,,,Canal Valley,13,17,False,False,2024-02-16 01:43:53+00:00,synthetic,,False,77,1,16900000.0,0.0,False
9000078,https://example.invalid/synthetic/9000078,2,True,"19.1 Marla House for Sale in Block F, Phase 1, Johar Town, Lahore","Block F, Phase 1, Johar Town, Lahore, Punjab, Pakistan",,82400000.0,82400000.0,19.1,marla,19.1,payload,5,6,Johar Town,31.499899,74.447953,31.499899,74.447953,True,source,Johar Town,Phase 1,1,,Block F,,Johar Town > Phase 1 > Block F,10,8,False,False,2024-02-11 04:51:25+00:00,synthetic,,False,78,1,82400000.0,0.0,False
9000079,https://example.invalid/synthetic/9000079,2,True,"41.1 Marla House for Sale in Township, Lahore","Township, Lahore, Punjab, Pakistan",,107800000.0,107800000.0,41.1,marla,41.1,payload,4,4,Township,31.193414,74.699931,31.193414,74.699931,True,source,Township,,,,,,Township,58,16,False,False,2023-11-09 09:00:00+00:00,synthetic,,False,79,1,107800000.0,0.0,False
9000080,https://example.invalid/synthetic/9000080,2,True,"10.6 Marla House for Sale in Bahria Town, Lahore","Bahria Town, Lahore, Punjab, Pakistan",,55200000.0,55200000.0,10.6,marla,10.6,payload,5,6,Bahria Town,31.518758,74.227053,31.518758,74.227053,True,source,Bahria Town,,,,,,Bahria Town,40,12,False,False,2024-04-27 15:35:50+00:00,synthetic,,False,80,1,55200000.0,0.0,False
9000081,https://example.invalid/synthetic/9000081,2,True,"9.8 Marla House for Sale in Gulshan-e-Lahore, Lahore","Gulshan-e-Lahore, Lahore, Punjab, Pakistan",,32700000.0,32700000.0,9.8,marla,9.8,payload,5,6,Gulshan-e-Lahore,31.562621,74.329639,31.562621,74.329639,True,source,Gulshan-e-Lahore,,,,,,Gulshan-e-Lahore,45,2,False,False,2024-06-19 07:47:28+00:00,synthetic,,False,81,1,32700000.0,0.0,False
9000082,https://example.invalid/synthetic/9000082,2,True,"3.3 Marla House for Sale in Sabzazar Scheme, Lahore","Sabzazar Scheme, Lahore, Punjab, Pakistan",,17500000.0,17500000.0,3.3,marla,3.3,payload,3,3,Sabzazar Scheme,31.719467,74.458669,31.719467,74.458669,True,source,Sabzazar Scheme,,,,,,Sabzazar Scheme,48,23,False,False,2024-09-14 06:58:24+00:00,synthetic,,False,82,1,17500000.0,0.0,False
9000083,https://example.invalid/synthetic/9000083,2,True,"4.9 Marla House for Sale in Lahore Medical Housing Society, Lahore","Lahore Medical Housing Society, Lahore, Punjab, Pakistan",,19900000.0,19900000.0,4.9,marla,4.9,payload,3,4,Lahore Medical Housing Society,31.471706,74.331546,31.471706,74.331546,True,source,Lahore Medical Housing Society,,,,,,Lahore Medical Housing Society,17,22,False,False,2024-06-01 07:12:18+00:00,synthetic,,False,83,1,19900000.0,0.0,False
9000084,https://example.invalid/synthetic/9000084,2,True,"2.5 Marla House for Sale in College Road, Lahore","College Road, Lahore, Punjab, Pakistan",,7100000.0,7100000.0,2.5,marla,2.5,payload,3,4,College Road,31.766847,74.616323,31.766847,74.616323,True,source,College Road,,,,,,College Road,4,11,False,False,2024-06-24 10:39:13+00:00,synthetic,,False,84,1,7100000.0,0.0,False
9000085,https://example.invalid/synthetic/9000085,2,True,"18 Marla House for Sale in Block V, Phase 7, DHA, Lahore","Block V, Phase 7, DHA, Lahore, Punjab, Pakistan",,90700000.0,90700000.0,18.0,marla,18.0,payload,5,6,DHA,31.385499,74.32718,31.385499,74.32718,True,source,DHA,Phase 7,7,,Block V,,DHA > Phase 7 > Block V,11,9,False,False,2024-08-31 00:32:05+00:00,synthetic,,False,85,1,90700000.0,0.0,False
9000086,https://example.invalid/synthetic/9000086,2,True,"5.3 Marla House for Sale in Executive Block, Park View Villas, Lahore","Executive Block, Park View Villas, Lahore, Punjab, Pakistan",,15200000.0,15200000.0,5.3,marla,5.3,payload,4,4,Park View Villas,31.181248,74.069336,31.181248,74.069336,True,source,Park View Villas,,,,Executive Block,,Park View Villas > Executive Block,50,2,False,False,2023-09-22 22:36:33+00:00,synthetic,,False,86,1,15200000.0,0.0,False
9000087,https://example.invalid/synthetic/9000087,2,True,"3.7 Marla House for Sale in Phase 2, Al Hafeez Garden, Lahore","Phase 2, Al Hafeez Garden, Lahore, Punjab, Pakistan",,9600000.0,9600000.0,3.7,marla,3.7,payload,4,3,Al Hafeez Garden,31.183592,74.137781,31.183592,74.137781,True,source,Al Hafeez Garden,Phase 2,2,,,,Al Hafeez Garden > Phase 2,24,21,False,False,2024-05-22 11:53:42+00:00,synthetic,,False,87,1,9600000.0,0.0,False
9000088,https://example.invalid/synthetic/9000088,2,True,"5 Marla House for Sale in Johar Town, Lahore","Johar Town, Lahore, Punjab, Pakistan",,20600000.0,20600000.0,5.0,marla,5.0,payload,4,4,Johar Town,31.601555,74.141968,31.601555,74.141968,True,source,Johar Town,,,,,,Johar Town,51,13,False,False,2024-03-27 08:31:02+00:00,synthetic,,False,88,1,20600000.0,0.0,False
9000089,https://example.invalid/synthetic/9000089,2,True,"3.8 Marla House for Sale in Izmir Town, Lahore","Izmir Town, Lahore, Punjab, Pakistan",,16900000.0,16900000.0,3.8,marla,3.8,payload,3,4,Izmir Town,31.648143,74.025549,31.648143,74.025549,True,source,Izmir Town,,,,,,Izmir Town,42,16,False,False,2024-01-12 05:53:33+00:00,synthetic,,False,89,1,16900000.0,0.0,False
9000090,https://example.invalid/synthetic/9000090,2,True,"3.7 Marla House for Sale in Gulshan-e-Lahore, Lahore","Gulshan-e-Lahore, Lahore, Punjab, Pakistan",,14600000.0,14600000.0,3.7,marla,3.7,payload,4,4,Gulshan-e-Lahore,31.212989,74.37587,31.212989,74.37587,True,source,Gulshan-e-Lahore,,,,,,Gulshan-e-Lahore,22,14,False,False,2024-07-07 10:49:20+00:00,synthetic,,False,90,1,14600000.0,0.0,False
9000091,https://example.invalid/synthetic/9000091,2,True,"3.1 Marla House for Sale in Elite Town, Lahore","Elite Town, Lahore, Punjab, Pakistan",,7900000.0,7900000.0,3.1,marla,3.1,payload,2,2,Elite Town,31.683121,74.645738,31.683121,74.645738,True,source,Elite Town,,,,,,Elite Town,16,5,False,False,2024-06-16 20:15:51+00:00,synthetic,,False,91,1,7900000.0,0.0,False
9000092,https://example.invalid/synthetic/9000092,2,True,"19.2 Marla House for Sale in Phase 2, Johar Town, Lahore","Phase 2, Johar Town, Lahore, Punjab, Pakistan",,81700000.0,81700000.0,19.2,marla,19.2,payload,5,6,Johar Town,31.660513,74.196151,31.660513,74.196151,True,source,Johar Town,Phase 2,2,,,,Johar Town > Phase 2,31,2,False,False,2024-09-13 02:31:05+00:00,synthetic,,False,92,1,81700000.0,0.0,False
9000093,https://example.invalid/synthetic/9000093,2,True,"4.6 Marla House for Sale in Bahria Town, Lahore","Bahria Town, Lahore, Punjab, Pakistan",,16100000.0,16100000.0,4.6,marla,4.6,payload,3,5,Bahria Town,31.407663,74.420022,31.407663,74.420022,True,source,Bahria Town,,,Sector D,,,Bahria Town,56,20,False,False,2024-07-31 14:13:52+00:00,synthetic,,False,93,1,16100000.0,0.0,False
9000094,https://example.invalid/synthetic/9000094,2,True,"20.3 Marla House for Sale in Block A, Faisal Town, Lahore","Block A, Faisal Town, Lahore, Punjab, Pakistan",,91100000.0,91100000.0,20.3,marla,20.3,payload,4,5,Faisal Town,31.502389,73.953596,31.502389,73.953596,True,source,Faisal Town,,,,Block A,,Faisal Town > Block A,31,6,False,False,2023-09-10 11:39:35+00:00,synthetic,,False,94,1,91100000.0,0.0,False
9000095,https://example.invalid/synthetic/9000095,2,True,"4.7 Marla House for Sale in Phase 9 - Town, DHA, Lahore","Phase 9 - Town, DHA, Lahore, Punjab, Pakistan",,22400000.0,22400000.0,4.7,marla,4.7,payload,3,4,DHA,31.186063,74.386754,31.186063,74.386754,True,source,DHA,Phase 9 - Town,9,,,,DHA > Phase 9 - Town,24,26,False,False,2024-01-05 01:57:45+00:00,synthetic,,False,95,1,22400000.0,0.0,False
9000096,https://example.invalid/synthetic/9000096,2,True,"19.7 Marla House for Sale in Phase 3, DHA, Lahore","Phase 3, DHA, Lahore, Punjab, Pakistan",,69900000.0,69900000.0,19.7,marla,19.7,payload,5,6,DHA,31.231499,74.692133,31.231499,74.692133,True,source,DHA,Phase 3,3,,,,DHA > Phase 3,17,2,False,False,2024-06-29 05:46:10+00:00,synthetic,,False,96,1,69900000.0,0.0,False
9000097,https://example.invalid/synthetic/9000097,2,True,"5 Marla House for Sale in Block A, Palm City, Lahore","Block A, Palm City, Lahore, Punjab, Pakistan",,20000000.0,20000000.0,5.0,marla,5.0,payload,3,4,Palm City,31.623692,74.367304,31.623692,74.367304,True,source,Palm City,,,,Block A,,Palm City > Block A,53,12,False,False,2024-02-25 10:04:00+00:00,synthetic,,False,97,1,20000000.0,0.0,False
9000098,https://example.invalid/synthetic/9000098,2,True,"3 Marla House for Sale in Lahore Cantt, Lahore","Lahore Cantt, Lahore, Punjab, Pakistan",,9900000.0,9900000.0,3.0,marla,3.0,payload,7,3,Lahore Cantt,31.467839,74.157943,31.467839,74.157943,True,source,Lahore Cantt,,,,,,Lahore Cantt,13,10,False,False,2024-07-21 11:40:48+00:00,synthetic,,False,98,1,9900000.0,0.0,False
9000099,https://example.invalid/synthetic/9000099,2,True,"9.7 Marla House for Sale in Talha Block, Bahria Town, Lahore","Talha Block, Bahria Town, Lahore, Punjab, Pakistan",,23700000.0,23700000.0,9.7,marla,9.7,payload,5,6,Bahria Town,31.786035,74.063294,31.786035,74.063294,True,source,Bahria Town,,,Sector E,Talha Block,,Bahria Town > Talha Block,41,25,False,False,2024-09-13 20:18:18+00:00,synthetic,,False,99,1,23700000.0,0.0,False
9000100,https://example.invalid/synthetic/9000100,3,True,"7.9 Marla House for Sale in Gulberg, Lahore","Gulberg, Lahore, Punjab, Pakistan",,44900000.0,44900000.0,7.9,marla,7.9,payload,5,6,Gulberg,31.260792,74.563114,31.260792,74.563114,True,source,Gulberg,,,,,,Gulberg,58,28,False,False,2023-12-04 03:17:31+00:00,synthetic,,False,100,1,44900000.0,0.0,False
9000101,https://example.invalid/synthetic/9000101,3,True,"4.7 Marla House for Sale in Canal Valley, Lahore","Canal Valley, Lahore, Punjab, Pakistan",,17600000.0,17600000.0,4.7,marla,4.7,payload,3,3,Canal Valley,31.348532,74.118399,31.348532,74.118399,True,source,Canal Valley,,,,,,Canal Valley,2,0,False,False,2024-03-22 04:47:28+00:00,synthetic,,False,101,1,17600000.0,0.0,False
9000102,https://example.invalid/synthetic/9000102,3,True,"21.8 Marla House for Sale in Block X, Phase 7, DHA, Lahore","Block X, Phase 7, DHA, Lahore, Punjab, Pakistan",,100300000.0,100300000.0,21.8,marla,21.8,payload,5,6,DHA,31.553276,74.367475,31.553276,74.367475,True,source,DHA,Phase 7,7,,Block X,,DHA > Phase 7 > Block X,53,14,False,False,2024-03-22 02:23:51+00:00,synthetic,,False,102,1,100300000.0,0.0,False
9000103,https://example.invalid/synthetic/9000103,3,True,"3.1 Marla House for Sale in Allama Iqbal Town, Lahore","Allama Iqbal Town, Lahore, Punjab, Pakistan",,18500000.0,18500000.0,3.1,marla,3.1,payload,3,3,Allama Iqbal Town,31.629513,74.271142,31.629513,74.271142,True,source,Allama Iqbal Town,,,,,,Allama Iqbal Town,31,13,False,False,2024-01-12 19:01:13+00:00,synthetic,,False,103,1,18500000.0,0.0,False
9000104,https://example.invalid/synthetic/9000104,3,True,"8.2 Marla House for Sale in Canal Bank Housing Scheme, Lahore","Canal Bank Housing Scheme, Lahore, Punjab, Pakistan",,27900000.0,27900000.0,8.2,marla,8.2,payload,6,6,Canal Bank Housing Scheme,31.279343,74.15736,31.279343,74.15736,True,source,Canal Bank Housing Scheme,,,,,,Canal Bank Housing Scheme,23,10,False,False,2024-07-26 09:32:42+00:00,synthetic,,False,104,1,27900000.0,0.0,False
9000105,https://example.invalid/synthetic/9000105,3,True,"5.2 Marla House for Sale in Allama Iqbal Town, Lahore","Allama Iqbal Town, Lahore, Punjab, Pakistan",,18300000.0,18300000.0,5.2,marla,5.2,payload,3,4,Allama Iqbal Town,31.385592,74.235294,31.385592,74.235294,True,source,Allama Iqbal Town,,,,,,Allama Iqbal Town,12,22,False,False,2023-09-21 18:45:53+00:00,synthetic,,False,105,1,18300000.0,0.0,False
9000106,https://example.invalid/synthetic/9000106,3,True,"10 Marla House for Sale in Block B, Eden City, Lahore","Block B, Eden City, Lahore, Punjab, Pakistan",,30600000.0,30600000.0,10.0,marla,10.0,payload,5,6,Eden City,31.65562,74.334461,31.65562,74.334461,True,source,Eden City,,,,Block B,,Eden City > Block B,32,11,False,False,2024-08-20 02:01:31+00:00,synthetic,,False,106,1,30600000.0,0.0,False
9000107,https://example.invalid/synthetic/9000107,3,True,"9.5 Marla House for Sale in Jasmine Block, Bahria Town, Lahore","Jasmine Block, Bahria Town, Lahore, Punjab, Pakistan",,28700000.0,28700000.0,9.5,marla,9.5,payload,5,6,Bahria Town,31.670852,74.618145,31.670852,74.618145,True,source,Bahria Town,,,Sector C,Jasmine Block,,Bahria Town > Jasmine Block,50,27,False,False,2024-04-13 09:44:30+00:00,synthetic,,False,107,1,28700000.0,0.0,False
9000108,https://example.invalid/synthetic/9000108,3,True,"4.9 Marla House for Sale in Eden Boulevard, Lahore","Eden Boulevard, Lahore, Punjab, Pakistan",,16300000.0,16300000.0,4.9,marla,4.9,payload,5,6,Eden Boulevard,31.436518,74.477853,31.436518,74.477853,True,source,Eden Boulevard,,,,,,Eden Boulevard,49,24,False,False,2024-06-02 00:22:56+00:00,synthetic,,False,108,1,16300000.0,0.0,False
9000109,https://example.invalid/synthetic/9000109,3,True,"2.8 Marla House for Sale in Lahore Cantt, Lahore","Lahore Cantt, Lahore, Punjab, Pakistan",,13400000.0,13400000.0,2.8,marla,2.8,payload,3,3,Lahore Cantt,31.159591,74.28452,31.159591,74.28452,True,source,Lahore Cantt,,,,,,Lahore Cantt,22,8,False,False,2024-02-23 11:19:28+00:00,synthetic,,False,109,1,13400000.0,0.0,False
9000110,https://example.invalid/synthetic/9000110,3,True,"5 Marla House for Sale in Canal Bank Housing Scheme, Lahore","Canal Bank Housing Scheme, Lahore, Punjab, Pakistan",,18900000.0,18900000.0,5.0,marla,5.0,payload,5,6,Canal Bank Housing Scheme,31.745959,74.487565,31.745959,74.487565,True,source,Canal Bank Housing Scheme,,,,,,Canal Bank Housing Scheme,52,6,False,False,2024-07-29 01:49:47+00:00,synthetic,,False,110,1,18900000.0,0.0,False
9000111,https://example.invalid/synthetic/9000111,3,True,"4.7 Marla House for Sale in Tulip Overseas Block, Park View Villas, Lahore","Tulip Overseas Block, Park View Villas, Lahore, Punjab, Pakistan",,19300000.0,19300000.0,4.7,marla,4.7,payload,4,4,Park View Villas,31.759281,74.330436,31.759281,74.330436,True,source,Park View Villas,,,,Tulip Overseas Block,,Park View Villas > Tulip Overseas Block,22,19,False,False,2023-11-18 21:14:54+00:00,synthetic,,False,111,1,19300000.0,0.0,False
9000112,https://example.invalid/synthetic/9000112,3,True,"5.4 Marla House for Sale in Tulip Overseas Block, Park View Villas, Lahore","Tulip Overseas Block, Park View Villas, Lahore, Punjab, Pakistan",,26500000.0,26500000.0,5.4,marla,5.4,payload,4,4,Park View Villas,31.436308,74.616651,31.436308,74.616651,True,source,Park View Villas,,,,Tulip Overseas Block,,Park View Villas > Tulip Overseas Block,57,10,False,False,2024-05-04 21:39:37+00:00,synthetic,,False,112,1,26500000.0,0.0,False
9000113,https://example.invalid/synthetic/9000113,3,True,"9.5 Marla House for Sale in Block G, Central Park Housing Scheme, Lahore","Block G, Central Park Housing Scheme, Lahore, Punjab, Pakistan",,33500000.0,33500000.0,9.5,marla,9.5,payload,5,6,Central Park Housing Scheme,31.726631,74.203837,31.726631,74.203837,True,source,Central Park Housing Scheme,,,,Block G,,Central Park Housing Scheme > Block G,4,4,False,False,2024-06-23 01:44:05+00:00,synthetic,,False,113,1,33500000.0,0.0,False
9000114,https://example.invalid/synthetic/9000114,3,True,"8.3 Marla House for Sale in Block J, Phase 2, Al Rehman Garden, Lahore","Block J, Phase 2, Al Rehman Garden, Lahore, Punjab, Pakistan",,25100000.0,25100000.0,8.3,marla,8.3,payload,5,6,Al Rehman Garden,31.77914,74.203757,31.77914,74.203757,True,source,Al Rehman Garden,Phase 2,2,,Block J,,Al Rehman Garden > Phase 2 > Block J,11,16,False,False,2024-02-27 20:22:42+00:00,synthetic,,False,114,1,25100000.0,0.0,False
9000115,https://example.invalid/synthetic/9000115,3,True,"8.1 Marla House for Sale in Shah Jamal, Lahore","Shah Jamal, Lahore, Punjab, Pakistan",,31700000.0,31700000.0,8.1,marla,8.1,payload,8,6,Shah Jamal,31.239864,74.207243,31.239864,74.207243,True,source,Shah Jamal,,,,,,Shah Jamal,56,28,False,False,2024-07-08 14:16:52+00:00,synthetic,,False,115,1,31700000.0,0.0,False
9000116,https://example.invalid/synthetic/9000116,3,True,"60.9 Marla House for Sale in Block D, Model Town, Lahore","Block D, Model Town, Lahore, Punjab, Pakistan",,261500000.0,261500000.0,60.9,marla,60.9,payload,6,6,Model Town,31.275593,74.059918,31.275593,74.059918,True,source,Model Town,,,,Block D,,Model Town > Block D,16,21,False,False,2024-09-07 19:11:23+00:00,synthetic,,False,116,1,261500000.0,0.0,False
9000117,https://example.invalid/synthetic/9000117,3,True,"7.9 Marla House for Sale in Bahria Town, Lahore","Bahria Town, Lahore, Punjab, Pakistan",,25900000.0,25900000.0,7.9,marla,7.9,payload,3,5,Bahria Town,31.783836,74.740454,31.783836,74.740454,True,source,Bahria Town,,,Sector B,,,Bahria Town,12,22,False,False,2024-01-24 09:38:22+00:00,synthetic,,False,117,1,25900000.0,0.0,False
9000118,https://example.invalid/synthetic/9000118,3,True,"4.1 Marla House for Sale in Palm Villas, Lahore","Palm Villas, Lahore, Punjab, Pakistan",,14400000.0,14400000.0,4.1,marla,4.1,payload,3,3,Palm Villas,31.656859,74.036885,31.656859,74.036885,True,source,Palm Villas,,,,,,Palm Villas,0,2,False,False,2023-11-02 04:19:09+00:00,synthetic,,False,118,1,14400000.0,0.0,False
9000119,https://example.invalid/synthetic/9000119,3,True,"20.3 Marla House for Sale in Bahria Town, Lahore","Bahria Town, Lahore, Punjab, Pakistan",,76300000.0,76300000.0,20.3,marla,20.3,payload,5,6,Bahria Town,31.672853,74.256112,31.672853,74.256112,True,source,Bahria Town,,,Sector B,,,Bahria Town,31,15,False,False,2024-03-22 13:18:09+00:00,synthetic,,False,119,1,76300000.0,0.0,False
9000120,https://example.invalid/synthetic/9000120,3,True,"9.2 Marla House for Sale in State Life Housing Society, Lahore","State Life Housing Society, Lahore, Punjab, Pakistan",,38600000.0,38600000.0,9.2,marla,9.2,payload,5,6,State Life Housing Society,31.600878,74.097313,31.600878,74.097313,True,source,State Life Housing Society,,,,,,State Life Housing Society,23,29,False,False,2024-04-13 18:37:01+00:00,synthetic,,False,120,1,38600000.0,0.0,False
9000121,https://example.invalid/synthetic/9000121,3,True,"10.7 Marla House for Sale in Model Town, Lahore","Model Town, Lahore, Punjab, Pakistan",,61600000.0,61600000.0,10.7,marla,10.7,payload,5,5,Model Town,31.714265,74.127521,31.714265,74.127521,True,source,Model Town,,,,,,Model Town,52,21,False,False,2023-10-14 04:52:10+00:00,synthetic,,False,121,1,61600000.0,0.0,False
9000122,https://example.invalid/synthetic/9000122,3,True,"5.2 Marla House for Sale in Woods block, Paragon City, Lahore","Woods block, Paragon City, Lahore, Punjab, Pakistan",,28000000.0,28000000.0,5.2,marla,5.2,payload,3,4,Paragon City,31.351799,74.579727,31.351799,74.579727,True,source,Paragon City,,,,Woods block,,Paragon City > Woods block,11,21,False,False,2024-06-21 07:39:19+00:00,synthetic,,False,122,1,28000000.0,0.0,False
9000123,https://example.invalid/synthetic/9000123,3,True,"2.4 Marla House for Sale in Saroba Garden, Lahore","Saroba Garden, Lahore, Punjab, Pakistan",,6800000.0,6800000.0,2.4,marla,2.4,payload,2,2,Saroba Garden,31.45835,74.006195,31.45835,74.006195,True,source,Saroba Garden,,,,,,Saroba Garden,31,5,False,False,2023-12-18 02:50:19+00:00,synthetic,,False,123,1,6800000.0,0.0,False
9000124,https://example.invalid/synthetic/9000124,3,True,"10.1 Marla House for Sale in Block C, Faisal Town, Lahore","Block C, Faisal Town, Lahore, Punjab, Pakistan",,46900000.0,46900000.0,10.1,marla,10.1,payload,4,5,Faisal Town,31.550473,74.050571,31.550473,74.050571,True,source,Faisal Town,,,,Block C,,Faisal Town > Block C,57,23,False,False,2023-10-04 17:42:26+00:00,synthetic,,False,124,1,46900000.0,0.0,False
9000125,https://example.invalid/synthetic/9000125,3,True,"1.9 Marla House for Sale in Fateh Garh, Lahore","Fateh Garh, Lahore, Punjab, Pakistan",,8400000.0,8400000.0,1.9,marla,1.9,payload,3,3,Fateh Garh,31.175586,74.178745,31.175586,74.178745,True,source,Fateh Garh,,,,,,Fateh Garh,22,0,False,False,2024-03-18 05:59:54+00:00,synthetic,,False,125,1,8400000.0,0.0,False
9000126,https://example.invalid/synthetic/9000126,3,True,"27.8 Marla House for Sale in Block J, Model Town, Lahore","Block J, Model Town, Lahore, Punjab, Pakistan",,128700000.0,128700000.0,27.8,marla,27.8,payload,6,6,Model Town,31.202867,74.366665,31.202867,74.366665,True,source,Model Town,,,,Block J,,Model Town > Block J,2,18,False,False,2024-01-03 01:44:21+00:00,synthetic,,False,126,1,128700000.0,0.0,False
9000127,https://example.invalid/synthetic/9000127,3,True,"10.1 Marla House for Sale in Phase 6, DHA, Lahore","Phase 6, DHA, Lahore, Punjab, Pakistan",,43600000.0,43600000.0,10.1,marla,10.1,payload,4,5,DHA,31.79013,74.570391,31.79013,74.570391,True,source,DHA,Phase 6,6,,,,DHA > Phase 6,3,16,False,False,2023-10-08 22:58:29+00:00,synthetic,,False,127,1,43600000.0,0.0,False
9000128,https://example.invalid/synthetic/9000128,3,True,"4.3 Marla House for Sale in Zaheer Villas, Lahore","Zaheer Villas, Lahore, Punjab, Pakistan",,22600000.0,22600000.0,4.3,marla,4.3,payload,3,4,Zaheer Villas,31.596075,74.463796,31.596075,74.463796,True,source,Zaheer Villas,,,,,,Zaheer Villas,5,21,False,False,2024-08-07 12:30:19+00:00,synthetic,,False,128,1,22600000.0,0.0,False
9000129,https://example.invalid/synthetic/9000129,3,True,"3 Marla House for Sale in Gajju Matah, Lahore","Gajju Matah, Lahore, Punjab, Pakistan",,8900000.0,8900000.0,3.0,marla,3.0,payload,3,4,Gajju Matah,31.522563,74.029164,31.522563,74.029164,True,source,Gajju Matah,,,,,,Gajju Matah,29,22,False,False,2024-01-04 21:51:02+00:00,synthetic,,False,129,1,8900000.0,0.0,False
9000130,https://example.invalid/synthetic/9000130,3,True,"10.8 Marla House for Sale in Johar Block, Bahria Town, Lahore","Johar Block, Bahria Town, Lahore, Punjab, Pakistan",,41400000.0,41400000.0,10.8,marla,10.8,payload,5,6,Bahria Town,31.187192,74.332078,31.187192,74.332078,True,source,Bahria Town,,,Sector E,Johar Block,,Bahria Town > Johar Block,12,13,False,False,2023-12-08 21:22:24+00:00,synthetic,,False,130,1,41400000.0,0.0,False
9000131,https://example.invalid/synthetic/9000131,3,True,"19.8 Marla House for Sale in Block H, Phase 5, DHA, Lahore","Block H, Phase 5, DHA, Lahore, Punjab, Pakistan",,108100000.0,108100000.0,19.8,marla,19.8,payload,5,6,DHA,31.57084,74.218657,31.57084,74.218657,True,source,DHA,Phase 5,5,,Block H,,DHA > Phase 5 > Block H,51,11,False,False,2024-01-01 05:07:27+00:00,synthetic,,False,131,1,108100000.0,0.0,False
9000132,https://example.invalid/synthetic/9000132,3,True,"3.2 Marla House for Sale in Al-Hamd Park, Lahore","Al-Hamd Park, Lahore, Punjab, Pakistan",,11900000.0,11900000.0,3.2,marla,3.2,payload,5,5,Al-Hamd Park,31.665584,74.145978,31.665584,74.145978,True,source,Al-Hamd Park,,,,,,Al-Hamd Park,53,18,False,False,2024-07-27 10:40:56+00:00,synthetic,,False,132,1,11900000.0,0.0,False
9000133,https://example.invalid/synthetic/9000133,3,True,"2 Marla House for Sale in Ferozepur Road, Lahore","Ferozepur Road, Lahore, Punjab, Pakistan",,6200000.0,6200000.0,2.0,marla,2.0,payload,3,3,Ferozepur Road,31.750371,74.688948,31.750371,74.688948,True,source,Ferozepur Road,,,,,,Ferozepur Road,26,1,False,False,2024-09-04 19:44:49+00:00,synthetic,,False,133,1,6200000.0,0.0,False
9000134,https://example.invalid/synthetic/9000134,3,True,"3.2 Marla House for Sale in Bata Pur, Lahore","Bata Pur, Lahore, Punjab, Pakistan",,8200000.0,8200000.0,3.2,marla,3.2,payload,2,2,Bata Pur,31.523836,74.057544,31.523836,74.057544,True,source,Bata Pur,,,,,,Bata Pur,48,16,False,False,2024-04-15 16:53:11+00:00,synthetic,,False,134,1,8200000.0,0.0,False
9000135,https://example.invalid/synthetic/9000135,3,True,"10.2 Marla House for Sale in Block C, Faisal Town, Lahore","Block C, Faisal Town, Lahore, Punjab, Pakistan",,50500000.0,50500000.0,10.2,marla,10.2,payload,7,6,Faisal Town,31.616271,74.374711,31.616271,74.374711,True,source,Faisal Town,,,,Block C,,Faisal Town > Block C,24,11,False,False,2024-08-08 21:50:51+00:00,synthetic,,False,135,1,50500000.0,0.0,False
9000136,https://example.invalid/synthetic/9000136,3,True,"21.2 Marla House for Sale in Model Town, Lahore","Model Town, Lahore, Punjab, Pakistan",,66300000.0,66300000.0,21.2,marla,21.2,payload,7,6,Model Town,31.532835,74.613039,31.532835,74.613039,True,source,Model Town,,,,,,Model Town,25,28,False,False,2023-10-14 15:45:23+00:00,synthetic,,False,136,1,66300000.0,0.0,False
9000137,https://example.invalid/synthetic/9000137,3,True,"10.1 Marla House for Sale in PCSIR Staff Colony, Lahore","PCSIR Staff Colony, Lahore, Punjab, Pakistan",,28900000.0,28900000.0,10.1,marla,10.1,payload,5,6,PCSIR Staff Colony,31.722996,74.168956,31.722996,74.168956,True,source,PCSIR Staff Colony,,,,,,PCSIR Staff Colony,38,7,False,False,2024-06-25 06:39:07+00:00,synthetic,,False,137,1,28900000.0,0.0,False
9000138,https://example.invalid/synthetic/9000138,3,True,"5.2 Marla House for Sale in Shaheen Block, Bahria Town, Lahore","Shaheen Block, Bahria Town, Lahore, Punjab, Pakistan",,19300000.0,19300000.0,5.2,marla,5.2,payload,3,3,Bahria Town,31.483958,74.070812,31.483958,74.070812,True,source,Bahria Town,,,Sector B,Shaheen Block,,Bahria Town > Shaheen Block,40,9,False,False,2023-09-23 10:39:56+00:00,synthetic,,False,138,1,19300000.0,0.0,False
9000139,https://example.invalid/synthetic/9000139,3,True,"10.6 Marla House for Sale in Phase 8 - Air Avenue, DHA, Lahore","Phase 8 - Air Avenue, DHA, Lahore, Punjab, Pakistan",,48600000.0,48600000.0,10.6,marla,10.6,payload,5,6,DHA,31.179975,73.972096,31.179975,73.972096,True,source,DHA,Phase 8 - Air Avenue,8,,,,DHA > Phase 8 - Air Avenue,24,22,False,False,2024-04-29 03:41:17+00:00,synthetic,,False,139,1,48600000.0,0.0,False
9000140,https://example.invalid/synthetic/9000140,3,True,"87.9 Marla House for Sale in Gulberg-2, Lahore","Gulberg-2, Lahore, Punjab, Pakistan",,522500000.0,522500000.0,87.9,marla,87.9,payload,5,6,Gulberg-2,31.476971,74.31518,31.476971,74.31518,True,source,Gulberg-2,,,,,,Gulberg-2,21,7,False,False,2024-02-20 18:45:44+00:00,synthetic,,False,140,1,522500000.0,0.0,False
9000141,https://example.invalid/synthetic/9000141,3,True,"5.1 Marla House for Sale in Hussain Block, Bismillah Housing Scheme, Lahore","Hussain Block, Bismillah Housing Scheme, Lahore, Punjab, Pakistan",,27900000.0,27900000.0,5.1,marla,5.1,payload,4,5,Bismillah Housing Scheme,31.156531,74.087118,31.156531,74.087118,True,source,Bismillah Housing Scheme,,,,Hussain Block,,Bismillah Housing Scheme > Hussain Block,55,7,False,False,2024-07-07 09:46:09+00:00,synthetic,,False,141,1,27900000.0,0.0,False
9000142,https://example.invalid/synthetic/9000142,3,True,"37 Marla House for Sale in Upper Mall, Lahore","Upper Mall, Lahore, Punjab, Pakistan",,126700000.0,126700000.0,37.0,marla,37.0,payload,7,6,Upper Mall,31.180349,74.309088,31.180349,74.309088,True,source,Upper Mall,,,,,,Upper Mall,56,14,False,False,2024-08-01 22:41:51+00:00,synthetic,,False,142,1,126700000.0,0.0,False
9000143,https://example.invalid/synthetic/9000143,3,True,"5.3 Marla House for Sale in Block C, Tariq Gardens, Lahore","Block C, Tariq Gardens, Lahore, Punjab, Pakistan",,23100000.0,23100000.0,5.3,marla,5.3,payload,3,4,Tariq Gardens,31.577557,74.424603,31.577557,74.424603,True,source,Tariq Gardens,,,,Block C,,Tariq Gardens > Block C,30,0,False,False,2023-11-09 13:33:09+00:00,synthetic,,False,143,1,23100000.0,0.0,False
9000144,https://example.invalid/synthetic/9000144,3,True,"3.3 Marla House for Sale in Palm City, Lahore","Palm City, Lahore, Punjab, Pakistan",,15000000.0,15000000.0,3.3,marla,3.3,payload,4,4,Palm City,31.152012,74.090097,31.152012,74.090097,True,source,Palm City,,,,,,Palm City,58,27,False,False,2024-09-05 01:33:59+00:00,synthetic,,False,144,1,15000000.0,0.0,False
9000145,https://example.invalid/synthetic/9000145,3,True,"8.5 Marla House for Sale in Eden Avenue Extension, Lahore","Eden Avenue Extension, Lahore, Punjab, Pakistan",,41400000.0,41400000.0,8.5,marla,8.5,payload,4,4,Eden Avenue Extension,31.181658,74.2389,31.181658,74.2389,True,source,Eden Avenue Extension,,,,,,Eden Avenue Extension,32,18,False,False,2024-01-25 20:23:56+00:00,synthetic,,False,145,1,41400000.0,0.0,False
9000146,https://example.invalid/synthetic/9000146,3,True,"4.7 Marla House for Sale in Allama Iqbal Town, Lahore","Allama Iqbal Town, Lahore, Punjab, Pakistan",,17200000.0,17200000.0,4.7,marla,4.7,payload,4,4,Allama Iqbal Town,31.473189,73.979023,31.473189,73.979023,True,source,Allama Iqbal Town,,,,,,Allama Iqbal Town,5,24,False,False,2023-11-10 15:02:29+00:00,synthetic,,False,146,1,17200000.0,0.0,False
9000147,https://example.invalid/synthetic/9000147,3,True,"4.7 Marla House for Sale in Phase 2, Johar Town, Lahore","Phase 2, Johar Town, Lahore, Punjab, Pakistan",,25800000.0,25800000.0,4.7,marla,4.7,payload,4,5,Johar Town,31.384629,74.338533,31.384629,74.338533,True,source,Johar Town,Phase 2,2,,,,Johar Town > Phase 2,11,10,False,False,2024-06-07 23:52:04+00:00,synthetic,,False,147,1,25800000.0,0.0,False
9000148,https://example.invalid/synthetic/9000148,3,True,"4.9 Marla House for Sale in Johar Town, Lahore","Johar Town, Lahore, Punjab, Pakistan",,24100000.0,24100000.0,4.9,marla,4.9,payload,5,5,Johar Town,31.459231,74.099587,31.459231,74.099587,True,source,Johar Town,,,,,,Johar Town,7,5,False,False,2024-03-19 17:57:24+00:00,synthetic,,False,148,1,24100000.0,0.0,False
9000149,https://example.invalid/synthetic/9000149,3,True,"9.9 Marla House for Sale in Phase 1, Judicial Colony, Lahore","Phase 1, Judicial Colony, Lahore, Punjab, Pakistan",,31200000.0,31200000.0,9.9,marla,9.9,payload,3,3,Judicial Colony,31.163449,74.00149,31.163449,74.00149,True,source,Judicial Colony,Phase 1,1,,,,Judicial Colony > Phase 1,40,28,False,False,2024-07-15 07:25:53+00:00,synthetic,,False,149,1,31200000.0,0.0,False
9000150,https://example.invalid/synthetic/9000150,4,True,"5.3 Marla House for Sale in Phase 2, Johar Town, Lahore","Phase 2, Johar Town, Lahore, Punjab, Pakistan",,22000000.0,22000000.0,5.3,marla,5.3,payload,3,4,Johar Town,31.511761,74.369614,31.511761,74.369614,True,source,Johar Town,Phase 2,2,,,,Johar Town > Phase 2,41,18,False,False,2024-04-26 06:11:06+00:00,synthetic,,False,150,1,22000000.0,0.0,False
9000151,https://example.invalid/synthetic/9000151,4,True,"20.3 Marla House for Sale in Phase 7, DHA, Lahore","Phase 7, DHA, Lahore, Punjab, Pakistan",,130700000.0,130700000.0,20.3,marla,20.3,payload,5,6,DHA,31.380214,74.126162,31.380214,74.126162,True,source,DHA,Phase 7,7,,,,DHA > Phase 7,37,3,False,False,2024-03-26 00:29:47+00:00,synthetic,,False,151,1,130700000.0,0.0,False
9000152,https://example.invalid/synthetic/9000152,4,True,"10.7 Marla House for Sale in Allama Iqbal Town, Lahore","Allama Iqbal Town, Lahore, Punjab, Pakistan",,38600000.0,38600000.0,10.7,marla,10.7,payload,9,6,Allama Iqbal Town,31.447273,74.107502,31.447273,74.107502,True,source,Allama Iqbal Town,,,,,,Allama Iqbal Town,42,0,False,False,2023-12-27 20:18:51+00:00,synthetic,,False,152,1,38600000.0,0.0,False
9000153,https://example.invalid/synthetic/9000153,4,True,"10.7 Marla House for Sale in Phase 2, DHA, Lahore","Phase 2, DHA, Lahore, Punjab, Pakistan",,56400000.0,56400000.0,10.7,marla,10.7,payload,4,5,DHA,31.347249,74.010959,31.347249,74.010959,True,source,DHA,Phase 2,2,,,,DHA > Phase 2,33,7,False,False,2023-12-24 02:16:42+00:00,synthetic,,False,153,1,56400000.0,0.0,False
9000154,https://example.invalid/synthetic/9000154,4,True,"4.3 Marla House for Sale in Block A, Bismillah Housing Scheme, Lahore","Block A, Bismillah Housing Scheme, Lahore, Punjab, Pakistan",,17400000.0,17400000.0,4.3,marla,4.3,payload,3,4,Bismillah Housing Scheme,31.676709,74.063807,31.676709,74.063807,True,source,Bismillah Housing Scheme,,,,Block A,,Bismillah Housing Scheme > Block A,15,4,False,False,2024-06-19 20:00:23+00:00,synthetic,,False,154,1,17400000.0,0.0,False
9000155,https://example.invalid/synthetic/9000155,4,True,"5.4 Marla House for Sale in Block E, Divine Gardens, Lahore","Block E, Divine Gardens, Lahore, Punjab, Pakistan",,15600000.0,15600000.0,5.4,marla,5.4,payload,3,4,Divine Gardens,31.795199,74.315292,31.795199,74.315292,True,source,Divine Gardens,,,,Block E,,Divine Gardens > Block E,0,0,False,False,2024-05-21 06:14:22+00:00,synthetic,,False,155,1,15600000.0,0.0,False
9000156,https://example.invalid/synthetic/9000156,4,True,"21 Marla House for Sale in Block T, Phase 8, DHA, Lahore","Block T, Phase 8, DHA, Lahore, Punjab, Pakistan",,210100000.0,210100000.0,21.0,marla,21.0,payload,6,6,DHA,31.539464,74.622469,31.539464,74.622469,True,source,DHA,Phase 8,8,,Block T,,DHA > Phase 8 > Block T,22,16,False,False,2023-11-26 10:57:49+00:00,synthetic,,False,156,1,210100000.0,0.0,False
9000157,https://example.invalid/synthetic/9000157,4,True,"12.8 Marla House for Sale in Canal Garden, Lahore","Canal Garden, Lahore, Punjab, Pakistan",,56600000.0,56600000.0,12.8,marla,12.8,payload,6,6,Canal Garden,31.178244,74.456218,31.178244,74.456218,True,source,Canal Garden,,,,,,Canal Garden,20,18,False,False,2024-03-15 23:42:22+00:00,synthetic,,False,157,1,56600000.0,0.0,False
9000158,https://example.invalid/synthetic/9000158,4,True,"1.1 Marla House for Sale in Tajpura, Lahore","Tajpura, Lahore, Punjab, Pakistan",,3300000.0,3300000.0,1.1,marla,1.1,payload,1,1,Tajpura,31.476589,74.62412,31.476589,74.62412,True,source,Tajpura,,,,,,Tajpura,1,11,False,False,2024-04-26 05:49:07+00:00,synthetic,,False,158,1,3300000.0,0.0,False
9000159,https://example.invalid/synthetic/9000159,4,True,"5.3 Marla House for Sale in Allama Iqbal Town, Lahore","Allama Iqbal Town, Lahore, Punjab, Pakistan",,30600000.0,30600000.0,5.3,marla,5.3,payload,3,4,Allama Iqbal Town,31.743523,74.327903,31.743523,74.327903,True,source,Allama Iqbal Town,,,,,,Allama Iqbal Town,11,19,False,False,2024-04-27 21:45:03+00:00,synthetic,,False,159,1,30600000.0,0.0,False
9000160,https://example.invalid/synthetic/9000160,4,True,"1.9 Marla House for Sale in Mughalpura, Lahore","Mughalpura, Lahore, Punjab, Pakistan",,6400000.0,6400000.0,1.9,marla,1.9,payload,3,2,Mughalpura,31.567411,74.700625,31.567411,74.700625,True,source,Mughalpura,,,,,,Mughalpura,52,4,False,False,2024-01-14 22:48:00+00:00,synthetic,,False,160,1,6400000.0,0.0,False
9000161,https://example.invalid/synthetic/9000161,4,True,"2.9 Marla House for Sale in Phase 2, Rehan Garden, Lahore","Phase 2, Rehan Garden, Lahore, Punjab, Pakistan",,5900000.0,5900000.0,2.9,marla,2.9,payload,3,4,Rehan Garden,31.751625,74.125377,31.751625,74.125377,True,source,Rehan Garden,Phase 2,2,,,,Rehan Garden > Phase 2,48,14,False,False,2024-06-14 10:34:09+00:00,synthetic,,False,161,1,5900000.0,0.0,False
9000162,https://example.invalid/synthetic/9000162,4,True,"4.5 Marla House for Sale in Palm City, Lahore","Palm City, Lahore, Punjab, Pakistan",,19300000.0,19300000.0,4.5,marla,4.5,payload,3,4,Palm City,31.253009,74.456634,31.253009,74.456634,True,source,Palm City,,,,,,Palm City,29,19,False,False,2023-12-24 23:20:50+00:00,synthetic,,False,162,1,19300000.0,0.0,False
9000163,https://example.invalid/synthetic/9000163,4,True,"3.1 Marla House for Sale in Vital Homes Housing Scheme, Lahore","Vital Homes Housing Scheme, Lahore, Punjab, Pakistan",,12100000.0,12100000.0,3.1,marla,3.1,payload,3,3,Vital Homes Housing Scheme,31.448086,74.731287,31.448086,74.731287,True,source,Vital Homes Housing Scheme,,,,,,Vital Homes Housing Scheme,32,24,False,False,2024-08-27 03:49:21+00:00,synthetic,,False,163,1,12100000.0,0.0,False
9000164,https://example.invalid/synthetic/9000164,4,True,"9.7 Marla House for Sale in Divine Gardens, Lahore","Divine Gardens, Lahore, Punjab, Pakistan",,40300000.0,40300000.0,9.7,marla,9.7,payload,4,5,Divine Gardens,31.326224,74.69444,31.326224,74.69444,True,source,Divine Gardens,,,,,,Divine Gardens,57,17,False,False,2024-03-12 05:57:54+00:00,synthetic,,False,164,1,40300000.0,0.0,False
9000165,https://example.invalid/synthetic/9000165,4,True,"5.4 Marla House for Sale in Block P, Phase 11 - Rahbar, DHA, Lahore","Block P, Phase 11 - Rahbar, DHA, Lahore, Punjab, Pakistan",,24300000.0,24300000.0,5.4,marla,5.4,payload,3,4,DHA,31.324497,74.55999,31.324497,74.55999,True,source,DHA,Phase 11 - Rahbar,11,,Block P,,DHA > Phase 11 - Rahbar > Block P,29,5,False,False,2023-10-06 03:48:06+00:00,synthetic,,False,165,1,24300000.0,0.0,False
9000166,https://example.invalid/synthetic/9000166,4,True,"58.5 Marla House for Sale in Model Town, Lahore","Model Town, Lahore, Punjab, Pakistan",,207700000.0,207700000.0,58.5,marla,58.5,payload,6,6,Model Town,31.616302,74.008176,31.616302,74.008176,True,source,Model Town,,,,,,Model Town,39,24,False,False,2024-02-07 19:39:41+00:00,synthetic,,False,166,1,207700000.0,0.0,False
9000167,https://example.invalid/synthetic/9000167,4,True,"2.9 Marla House for Sale in Vital Homes Housing Scheme, Lahore","Vital Homes Housing Scheme, Lahore, Punjab, Pakistan",,13300000.0,13300000.0,2.9,marla,2.9,payload,3,3,Vital Homes Housing Scheme,31.227412,74.005721,31.227412,74.005721,True,source,Vital Homes Housing Scheme,,,,,,Vital Homes Housing Scheme,39,8,False,False,2024-08-01 09:52:04+00:00,synthetic,,False,167,1,13300000.0,0.0,False
9000168,https://example.invalid/synthetic/9000168,4,True,"18.3 Marla House for Sale in Block W, Phase 3, DHA, Lahore","Block W, Phase 3, DHA, Lahore, Punjab, Pakistan",,94000000.0,94000000.0,18.3,marla,18.3,payload,5,6,DHA,31.551895,74.524438,31.551895,74.524438,True,source,DHA,Phase 3,3,,Block W,,DHA > Phase 3 > Block W,8,25,False,False,2023-10-09 23:34:48+00:00,synthetic,,False,168,1,94000000.0,0.0,False
9000169,https://example.invalid/synthetic/9000169,4,True,"3.2 Marla House for Sale in Phase 2, Hamza Town, Lahore","Phase 2, Hamza Town, Lahore, Punjab, Pakistan",,6100000.0,6100000.0,3.2,marla,3.2,payload,3,3,Hamza Town,31.608577,74.165696,31.608577,74.165696,True,source,Hamza Town,Phase 2,2,,,,Hamza Town > Phase 2,13,25,False,False,2024-05-15 23:11:48+00:00,synthetic,,False,169,1,6100000.0,0.0,False
9000170,https://example.invalid/synthetic/9000170,4,True,"3.3 Marla House for Sale in Al-Ahmad Garden, Lahore","Al-Ahmad Garden, Lahore, Punjab, Pakistan",,11600000.0,11600000.0,3.3,marla,3.3,payload,2,2,Al-Ahmad Garden,31.667334,74.006365,31.667334,74.006365,True,source,Al-Ahmad Garden,,,,,,Al-Ahmad Garden,35,22,False,False,2024-01-20 15:50:37+00:00,synthetic,,False,170,1,11600000.0,0.0,False
9000171,https://example.invalid/synthetic/9000171,4,True,"3.2 Marla House for Sale in Phase 2, Al-Kabir Town, Lahore","Phase 2, Al-Kabir Town, Lahore, Punjab, Pakistan",,9900000.0,9900000.0,3.2,marla,3.2,payload,3,4,Al-Kabir Town,31.43812,74.553894,31.43812,74.553894,True,source,Al-Kabir Town,Phase 2,2,,,,Al-Kabir Town > Phase 2,41,16,False,False,2024-06-29 05:30:21+00:00,synthetic,,False,171,1,9900000.0,0.0,False
9000172,https://example.invalid/synthetic/9000172,4,True,"3.1 Marla House for Sale in Qazi Town, Lahore","Qazi Town, Lahore, Punjab, Pakistan",,7400000.0,7400000.0,3.1,marla,3.1,payload,3,3,Qazi Town,31.726624,73.9564,31.726624,73.9564,True,source,Qazi Town,,,,,,Qazi Town,0,18,False,False,2023-09-13 12:55:02+00:00,synthetic,,False,172,1,7400000.0,0.0,False
9000173,https://example.invalid/synthetic/9000173,4,True,"9.9 Marla House for Sale in Cavalry Ground Extension, Lahore","Cavalry Ground Extension, Lahore, Punjab, Pakistan",,67500000.0,67500000.0,9.9,marla,9.9,payload,4,4,Cavalry Ground Extension,31.183101,74.473415,31.183101,74.473415,True,source,Cavalry Ground Extension,,,,,,Cavalry Ground Extension,14,23,False,False,2023-11-18 23:19:41+00:00,synthetic,,False,173,1,67500000.0,0.0,False
9000174,https://example.invalid/synthetic/9000174,4,True,"5.1 Marla House for Sale in Phase 9 - Town, DHA, Lahore","Phase 9 - Town, DHA, Lahore, Punjab, Pakistan",,19000000.0,19000000.0,5.1,marla,5.1,payload,3,4,DHA,31.756533,74.161608,31.756533,74.161608,True,source,DHA,Phase 9 - Town,9,,,,DHA > Phase 9 - Town,53,29,False,False,2024-08-20 07:51:01+00:00,synthetic,,False,174,1,19000000.0,0.0,False
9000175,https://example.invalid/synthetic/9000175,4,True,"41.4 Marla House for Sale in Phase 4, DHA, Lahore","Phase 4, DHA, Lahore, Punjab, Pakistan",,365300000.0,365300000.0,41.4,marla,41.4,payload,5,6,DHA,31.576237,74.463682,31.576237,74.463682,True,source,DHA,Phase 4,4,,,,DHA > Phase 4,47,12,False,False,2024-06-20 03:20:44+00:00,synthetic,,False,175,1,365300000.0,0.0,False
9000176,https://example.invalid/synthetic/9000176,4,True,"11 Marla House for Sale in Eden Avenue, Lahore","Eden Avenue, Lahore, Punjab, Pakistan",,36700000.0,36700000.0,11.0,marla,11.0,payload,3,3,Eden Avenue,31.60927,73.993651,31.60927,73.993651,True,source,Eden Avenue,,,,,,Eden Avenue,42,3,False,False,2024-05-10 00:13:03+00:00,synthetic,,False,176,1,36700000.0,0.0,False
9000177,https://example.invalid/synthetic/9000177,4,True,"9.3 Marla House for Sale in Block M, Model Town, Lahore","Block M, Model Town, Lahore, Punjab, Pakistan",,32900000.0,32900000.0,9.3,marla,9.3,payload,7,6,Model Town,31.601345,74.729059,31.601345,74.729059,True,source,Model Town,,,,Block M,,Model Town > Block M,47,29,False,False,2023-11-20 00:50:05+00:00,synthetic,,False,177,1,32900000.0,0.0,False
9000178,https://example.invalid/synthetic/9000178,4,True,"2.7 Marla House for Sale in Khuda Buksh Colony, Lahore","Khuda Buksh Colony, Lahore, Punjab, Pakistan",,14300000.0,14300000.0,2.7,marla,2.7,payload,3,3,Khuda Buksh Colony,31.630734,74.52065,31.630734,74.52065,True,source,Khuda Buksh Colony,,,,,,Khuda Buksh Colony,30,11,False,False,2024-05-08 00:14:16+00:00,synthetic,,False,178,1,14300000.0,0.0,False
9000179,https://example.invalid/synthetic/9000179,4,True,"21.3 Marla House for Sale in Punjab Co-Operative Housing Society, Lahore","Punjab Co-Operative Housing Society, Lahore, Punjab, Pakistan",,47600000.0,47600000.0,21.3,marla,21.3,payload,6,6,Punjab Co-Operative Housing Society,31.330883,74.502682,31.330883,74.502682,True,source,Punjab Co-Operative Housing Society,,,,,,Punjab Co-Operative Housing Society,10,14,False,False,2023-09-21 02:44:47+00:00,synthetic,,False,179,1,47600000.0,0.0,False
9000180,https://example.invalid/synthetic/9000180,4,True,"37 Marla House for Sale in Block J, Phase 6, DHA, Lahore","Block J, Phase 6, DHA, Lahore, Punjab, Pakistan",,178500000.0,178500000.0,37.0,marla,37.0,payload,6,6,DHA,31.295196,74.70315,31.295196,74.70315,True,source,DHA,Phase 6,6,,Block J,,DHA > Phase 6 > Block J,39,12,False,False,2023-10-29 03:26:39+00:00,synthetic,,False,180,1,178500000.0,0.0,False
9000181,https://example.invalid/synthetic/9000181,4,True,"3.2 Marla House for Sale in Cavalry Ground Extension, Lahore","Cavalry Ground Extension, Lahore, Punjab, Pakistan",,13500000.0,13500000.0,3.2,marla,3.2,payload,3,4,Cavalry Ground Extension,31.273983,74.255705,31.273983,74.255705,True,source,Cavalry Ground Extension,,,,,,Cavalry Ground Extension,56,1,False,False,2024-06-13 02:33:51+00:00,synthetic,,False,181,1,13500000.0,0.0,False
9000182,https://example.invalid/synthetic/9000182,4,True,"10 Marla House for Sale in Wapda Town, Lahore","Wapda Town, Lahore, Punjab, Pakistan",,39700000.0,39700000.0,10.0,marla,10.0,payload,5,5,Wapda Town,31.459034,74.541829,31.459034,74.541829,True,source,Wapda Town,,,,,,Wapda Town,27,4,False,False,2024-01-17 15:30:58+00:00,synthetic,,False,182,1,39700000.0,0.0,False
9000183,https://example.invalid/synthetic/9000183,4,True,"3.6 Marla House for Sale in Lahore Medical Housing Society, Lahore","Lahore Medical Housing Society, Lahore, Punjab, Pakistan",,13900000.0,13900000.0,3.6,marla,3.6,payload,3,4,Lahore Medical Housing Society,31.308228,74.365181,31.308228,74.365181,True,source,Lahore Medical Housing Society,,,,,,Lahore Medical Housing Society,41,13,False,False,2024-08-20 01:56:44+00:00,synthetic,,False,183,1,13900000.0,0.0,False
9000184,https://example.invalid/synthetic/9000184,4,True,"2.9 Marla House for Sale in Phase 2, Al-Kabir Town, Lahore","Phase 2, Al-Kabir Town, Lahore, Punjab, Pakistan",,9100000.0,9100000.0,2.9,marla,2.9,payload,3,4,Al-Kabir Town,31.312174,74.669943,31.312174,74.669943,True,source,Al-Kabir Town,Phase 2,2,,,,Al-Kabir Town > Phase 2,53,2,False,False,2024-01-08 20:28:27+00:00,synthetic,,False,184,1,9100000.0,0.0,False
9000185,https://example.invalid/synthetic/9000185,4,True,"4.4 Marla House for Sale in Gulshan Park, Lahore","Gulshan Park, Lahore, Punjab, Pakistan",,10800000.0,10800000.0,4.4,marla,4.4,payload,3,3,Gulshan Park,31.616669,74.082132,31.616669,74.082132,True,source,Gulshan Park,,,,,,Gulshan Park,12,4,False,False,2023-11-30 15:47:56+00:00,synthetic,,False,185,1,10800000.0,0.0,False
9000186,https://example.invalid/synthetic/9000186,4,True,"2.8 Marla House for Sale in Vital Homes Housing Scheme, Lahore","Vital Homes Housing Scheme, Lahore, Punjab, Pakistan",,13500000.0,13500000.0,2.8,marla,2.8,payload,3,3,Vital Homes Housing Scheme,31.483204,74.043107,31.483204,74.043107,True,source,Vital Homes Housing Scheme,,,,,,Vital Homes Housing Scheme,49,27,False,False,2023-09-30 17:49:23+00:00,synthetic,,False,186,1,13500000.0,0.0,False
9000187,https://example.invalid/synthetic/9000187,4,True,"38.6 Marla House for Sale in Block K, Phase 6, DHA, Lahore","Block K, Phase 6, DHA, Lahore, Punjab, Pakistan",,164500000.0,164500000.0,38.6,marla,38.6,payload,6,6,DHA,31.627838,73.955516,31.627838,73.955516,True,source,DHA,Phase 6,6,,Block K,,DHA > Phase 6 > Block K,13,29,False,False,2024-04-17 15:52:43+00:00,synthetic,,False,187,1,164500000.0,0.0,False
9000188,https://example.invalid/synthetic/9000188,4,True,"3.3 Marla House for Sale in Shershah Colony, Lahore","Shershah Colony, Lahore, Punjab, Pakistan",,7900000.0,7900000.0,3.3,marla,3.3,payload,3,3,Shershah Colony,31.758818,74.539124,31.758818,74.539124,True,source,Shershah Colony,,,,,,Shershah Colony,53,1,False,False,2023-10-13 22:45:04+00:00,synthetic,,False,188,1,7900000.0,0.0,False
9000189,https://example.invalid/synthetic/9000189,4,True,"5.2 Marla House for Sale in Lahore Medical Housing Society, Lahore","Lahore Medical Housing Society, Lahore, Punjab, Pakistan",,19200000.0,19200000.0,5.2,marla,5.2,payload,4,5,Lahore Medical Housing Society,31.215606,74.717552,31.215606,74.717552,True,source,Lahore Medical Housing Society,,,,,,Lahore Medical Housing Society,16,12,False,False,2024-07-19 04:23:34+00:00,synthetic,,False,189,1,19200000.0,0.0,False
9000190,https://example.invalid/synthetic/9000190,4,True,"4.8 Marla House for Sale in Al Hafeez Garden, Lahore","Al Hafeez Garden, Lahore, Punjab, Pakistan",,18600000.0,18600000.0,4.8,marla,4.8,payload,4,5,Al Hafeez Garden,31.709712,74.544276,31.709712,74.544276,True,source,Al Hafeez Garden,,,,,,Al Hafeez Garden,1,10,False,False,2024-01-21 14:03:22+00:00,synthetic,,False,190,1,18600000.0,0.0,False
9000191,https://example.invalid/synthetic/9000191,4,True,"5 Marla House for Sale in Block B, Phase 3, Nespak Housing Scheme, Lahore","Block B, Phase 3, Nespak Housing Scheme, Lahore, Punjab, Pakistan",,16600000.0,16600000.0,5.0,marla,5.0,payload,6,6,Nespak Housing Scheme,31.373823,74.585193,31.373823,74.585193,True,source,Nespak Housing Scheme,Phase 3,3,,Block B,,Nespak Housing Scheme > Phase 3 > Block B,55,6,False,False,2024-01-05 09:08:54+00:00,synthetic,,False,191,1,16600000.0,0.0,False
9000192,https://example.invalid/synthetic/9000192,4,True,"5.1 Marla House for Sale in Bismillah Housing Scheme, Lahore","Bismillah Housing Scheme, Lahore, Punjab, Pakistan",,17300000.0,17300000.0,5.1,marla,5.1,payload,4,5,Bismillah Housing Scheme,31.246967,74.116727,31.246967,74.116727,True,source,Bismillah Housing Scheme,,,,,,Bismillah Housing Scheme,22,29,False,False,2024-06-01 07:12:59+00:00,synthetic,,False,192,1,17300000.0,0.0,False
9000193,https://example.invalid/synthetic/9000193,4,True,"4.5 Marla House for Sale in Park View Villas, Lahore","Park View Villas, Lahore, Punjab, Pakistan",,12000000.0,12000000.0,4.5,marla,4.5,payload,4,4,Park View Villas,31.580225,74.352075,31.580225,74.352075,True,source,Park View Villas,,,,,,Park View Villas,35,28,False,False,2023-11-04 08:23:43+00:00,synthetic,,False,193,1,12000000.0,0.0,False
9000194,https://example.invalid/synthetic/9000194,4,True,"5.3 Marla House for Sale in Phase 2, PGECHS, Lahore","Phase 2, PGECHS, Lahore, Punjab, Pakistan",,15500000.0,15500000.0,5.3,marla,5.3,payload,4,4,PGECHS,31.454588,74.298066,31.454588,74.298066,True,source,PGECHS,Phase 2,2,,,,PGECHS > Phase 2,12,8,False,False,2024-07-06 06:13:10+00:00,synthetic,,False,194,1,15500000.0,0.0,False
9000195,https://example.invalid/synthetic/9000195,4,True,"18.3 Marla House for Sale in Block D, Phase 6, DHA, Lahore","Block D, Phase 6, DHA, Lahore, Punjab, Pakistan",,95600000.0,95600000.0,18.3,marla,18.3,payload,5,6,DHA,31.592581,74.42232,31.592581,74.42232,True,source,DHA,Phase 6,6,,Block D,,DHA > Phase 6 > Block D,22,18,False,False,2024-05-23 22:24:13+00:00,synthetic,,False,195,1,95600000.0,0.0,False
9000196,https://example.invalid/synthetic/9000196,4,True,"21.1 Marla House for Sale in Allama Iqbal Town, Lahore","Allama Iqbal Town, Lahore, Punjab, Pakistan",,97200000.0,97200000.0,21.1,marla,21.1,payload,5,6,Allama Iqbal Town,31.536665,74.44171,31.536665,74.44171,True,source,Allama Iqbal Town,,,,,,Allama Iqbal Town,43,0,False,False,2023-12-23 20:26:08+00:00,synthetic,,False,196,1,97200000.0,0.0,False
9000197,https://example.invalid/synthetic/9000197,4,True,"3.7 Marla House for Sale in Model Town, Lahore","Model Town, Lahore, Punjab, Pakistan",,20100000.0,20100000.0,3.7,marla,3.7,payload,3,3,Model Town,31.267409,74.657921,31.267409,74.657921,True,source,Model Town,,,,,,Model Town,38,20,False,False,2023-12-10 01:23:25+00:00,synthetic,,False,197,1,20100000.0,0.0,False
9000198,https://example.invalid/synthetic/9000198,4,True,"21.2 Marla House for Sale in Block F, Phase 6, DHA, Lahore","Block F, Phase 6, DHA, Lahore, Punjab, Pakistan",,109700000.0,109700000.0,21.2,marla,21.2,payload,5,6,DHA,31.446473,73.990101,31.446473,73.990101,True,source,DHA,Phase 6,6,,Block F,,DHA > Phase 6 > Block F,44,4,False,False,2024-02-03 19:53:58+00:00,synthetic,,False,198,1,109700000.0,0.0,False
9000199,https://example.invalid/synthetic/9000199,4,True,"4.9 Marla House for Sale in Bahria Town, Lahore","Bahria Town, Lahore, Punjab, Pakistan",,16800000.0,16800000.0,4.9,marla,4.9,payload,3,5,Bahria Town,31.424418,74.14456,31.424418,74.14456,True,source,Bahria Town,,,Sector E,,,Bahria Town,24,14,False,False,2023-10-10 11:39:21+00:00,synthetic,,False,199,1,16800000.0,0.0,False
